name;йНКХВЕЯРБН ОН ОНКЧ DR_Kol;Zak;Roz;Perc_kol;cumsum_kol;ABC_kol;perc_roz;cumsum_roz;ABC_roz;НАНПЮВХБЮЕЛНЯРЭ ЛЕЯ.;;;ABC_НАНПНР;ABC;var;XYZ;ABC-XYZ
кеийнокюяршпэ аюйреп. 2,5у7,2 ╧1 /бепнтюпл/;8;16,64;32;1%;15%;A;0%;100%;C;312;2%;2%;A;ACA;122%;Z;ACAZ
бюкхднк 60лц. ╧10 рюа. ондзъгшв. /тюплярюмдюпр/;25;761,18;892;2%;4%;A;0%;57%;A;288;2%;4%;A;AAA;113%;Z;AAAZ
мютрхгхм 0,1% 15лк. мюгюк.йюокх тк./йюо. /якюбъмяйюъ юорейю/;9;52,47;72;1%;12%;A;0%;99%;C;252;2%;5%;A;ACA;71%;Z;ACAZ
оюйер;26;29,9;52;2%;2%;A;0%;100%;C;252;2%;7%;A;ACA;137%;Z;ACAZ
йнпбюкнк 25лк. йюокх д/опхелю бмсрпэ тк. х/с /тюплярюмдюпр кейяпедярбю/;14;281,12;364;1%;4%;A;0%;82%;B;144;1%;8%;A;ABA;135%;Z;ABAZ
анпмюъ й-рю 10ц. дег.яп-бн онп. (мдя 20%);2;17,16;28;0%;46%;A;0%;100%;C;144;1%;9%;A;ACA;221%;Z;ACAZ
целюрнцем псяяйхи деряйхи 40ц. окхрйю /тюпл-опн/;9;90,09;153;1%;10%;A;0%;95%;B;138;1%;10%;A;ABA;83%;Z;ABAZ
рюстнм 4% 10лк. ╧1 цк.йюокх тк./йюо. /нрхяхтюпл/тюплярюмдюпр/;11;1219,15;1372;1%;8%;A;0%;43%;A;132;1%;10%;A;AAA;104%;Z;AAAZ
лемнбюгхм 40лк. ╧1 яохпр. п-п д/мюпсф.опхл. тк. /яюлюпюледопнл/;13;303,94;468;1%;5%;A;0%;75%;A;132;1%;11%;A;AAA;141%;Z;AAAZ
йЮПРЮ LOYALITY 0,01п;12;0,12;0,12;1%;6%;A;0%;100%;C;126;1%;12%;A;ACA;124%;Z;ACAZ
жетрпхюйянм 1ц. ╧1 онп. д/п-пю д/б/б,б/л тк. /опнлнлед/ахнухлхй/;10;281,7;370;1%;10%;A;0%;82%;B;120;1%;13%;A;ABA;155%;Z;ABAZ
оепейхяэ бнднпндю 3% 100лк. ╧1 п-п дег.яп-бн тк. (мдя 20%);7;70,14;119;0%;16%;A;0%;97%;C;120;1%;14%;A;ACA;82%;Z;ACAZ
оемрюкцхм ╧24 рюа. о/о/н /нрхяхтюпл/;11;2063,91;2420;1%;8%;A;1%;24%;A;114;1%;14%;A;AAA;129%;Z;AAAZ
сцнкэ юйрхбхпнбюммши 250лц. ╧50 рюа. /тюплярюмдюпр кейяпедярбю/;10;394,1;600;1%;9%;A;0%;68%;A;108;1%;15%;A;AAA;123%;Z;AAAZ
жетрпхюйянм 1ц. ╧1 онп. д/п-пю д/б/б,б/л тк. /ахняхмрег/;9;269,37;342;1%;14%;A;0%;84%;B;108;1%;16%;A;ABA;155%;Z;ABAZ
нлег 20лц. ╧30 йюоя. /д-п педдх/;9;1350,09;1579;1%;13%;A;0%;38%;A;102;1%;16%;A;AAA;123%;Z;AAAZ
йнмйнп йнп 2,5лц. ╧30 рюа. о/о/н /лепй/;9;1207,09;1412;1%;11%;A;0%;43%;A;96;1%;17%;A;AAA;133%;Z;AAAZ
кноепюлхд-юйпхухм 2лц. ╧20 йюоя. /юйпхухм/;9;379,21;477;1%;12%;A;0%;74%;A;96;1%;17%;A;AAA;127%;Z;AAAZ
пюсмюрхм 2лц. ╧50 рюа. о/н /гднпнбэе/;3;261,69;373;0%;40%;A;0%;82%;B;96;1%;18%;A;ABA;195%;Z;ABAZ
бюкепхюмш мюярнийю 25лк. тк. /цхоонйпюр/;8;230,16;292;1%;15%;A;0%;87%;B;96;1%;19%;A;ABA;105%;Z;ABAZ
йнмреимеп д/яанпю ахнлюрепхюкю 100лк. яреп. (аюмйю);6;47,06;80;0%;19%;A;0%;99%;C;96;1%;19%;A;ACA;102%;Z;ACAZ
кеийнокюяршпэ аюйреп. 4у10 ╧1 /бепнтюпл/;2;10,54;18;0%;54%;A;0%;100%;C;96;1%;20%;A;ACA;147%;Z;ACAZ
юяеорхйю яюктерйю яохпрнбюъ 60у100 ╧20;8;286,16;464;1%;14%;A;0%;75%;A;84;1%;20%;A;AAA;145%;Z;AAAZ
нлеопюгнк 20лц. ╧30 йюоя. /опнхгбндярбн ледхйюлемрнб/;11;281,52;338;1%;7%;A;0%;84%;B;84;1%;21%;A;ABA;183%;Z;ABAZ
щябхжхм яп-бн о/накшяемхъ княэнм-рнмхй 250лк. тк. /бхн-тюпл/;7;991,01;1540;0%;18%;A;0%;38%;A;72;0%;21%;A;AAA;130%;Z;AAAZ
осяршпмхйю щйярпюйр 14лц. ╧50 рюа. /тюплярюмдюпр/;6;517,51;740;0%;20%;A;0%;60%;A;72;0%;22%;A;AAA;114%;Z;AAAZ
осяршпмхйю мюярнийю 25лк. тк. /цхоонйпюр/;7;136,71;175;0%;17%;A;0%;94%;B;72;0%;22%;A;ABA;130%;Z;ABAZ
йернпнк щйяопеяя 10лц. ╧20 рюа. дхяоепц. /д-п педдхя/;6;285;438;0%;19%;A;0%;77%;A;66;0%;23%;A;AAA;122%;Z;AAAZ
юяоюпйюл ╧60 рюа. /тюплюонк-бнкцю/;6;269,75;333;0%;19%;A;0%;85%;B;66;0%;23%;A;ABA;131%;Z;ABAZ
рюспхм 4% 10лк. цк.йюокх тк./йюо. /якюбъмяйюъ юорейю/;7;193,12;297;0%;17%;A;0%;87%;B;66;0%;23%;A;ABA;163%;Z;ABAZ
ябърни хярнвмхй бндю охрэебюъ 0,5к. м/цюг. ощр;6;134,58;222;0%;20%;A;0%;91%;B;66;0%;24%;A;ABA;131%;Z;ABAZ
теппнцелюрнцем 50ц. оюярхкйю феб. (окхрйю);6;109,08;180;0%;21%;A;0%;93%;B;66;0%;24%;A;ABA;126%;Z;ABAZ
люяйю лед. рпеуякнимюъ (3-у) мю пегхмйе ╧5;4;72;120;0%;29%;A;0%;97%;C;66;0%;25%;A;ACA;140%;Z;ACAZ
юяйнпахмйю ксмрхй бхр.я ╧10 рюа. (30ц.) /тюпл-опн/рхцндю-тюпл/;6;57,96;96;0%;18%;A;0%;98%;C;66;0%;25%;A;ACA;117%;Z;ACAZ
оюяйюкэ ьопхж 3-у йнло. 5лк. я хцкни 22G 0,7у30лл. ╧10 [PASCAL];5;340,82;537;0%;25%;A;0%;71%;A;60;0%;26%;A;AAA;112%;Z;AAAZ
рпнйяепсрхм бпюлед 2% 40ц. цекэ д/мюпсф.опхл. рсаю /янтюплю/;6;371,19;447;0%;21%;A;0%;77%;A;60;0%;26%;A;AAA;145%;Z;AAAZ
южхйкнбхп-аексон 5% 10ц. ╧1 йпел д/мюпсф.опхл. рсаю /аексон/;5;303,93;372;0%;23%;A;0%;82%;B;60;0%;26%;A;ABA;112%;Z;ABAZ
яхмюткюм 0,025% 15ц. люгэ д/мюпсф.опхл. рсаю /лспнляйхи гюбнд/;5;171,76;265;0%;25%;A;0%;89%;B;60;0%;27%;A;ABA;124%;Z;ABAZ
жхрпюлнм о ╧20 рюа. /ледхянпа/;6;150,82;234;0%;21%;A;0%;91%;B;60;0%;27%;A;ABA;135%;Z;ABAZ
бюкхднк 60лц. ╧10 рюа. ондзъгшв. /рюрухлтюплопеоюпюрш/;5;219,45;230;0%;24%;A;0%;91%;B;60;0%;27%;A;ABA;155%;Z;ABAZ
апхккхюмрнбши гекем 1% 25лк. ╧1 яохпр. п-п д/мюпсф.опхл. тк. /яюлюпюледопнл/фемек/;5;83,81;129;0%;23%;A;0%;96%;C;60;0%;28%;A;ACA;112%;Z;ACAZ
йюкемдскш мюярнийю 25лк. тк. /цхоонйпюр/;5;79,2;125;0%;24%;A;0%;96%;C;60;0%;28%;A;ACA;124%;Z;ACAZ
оепейхяэ бнднпндю 3% 200лк. п-п тк. окюяр. /кейюпэ/;5;99,95;120;0%;25%;A;0%;96%;C;60;0%;29%;A;ACA;155%;Z;ACAZ
ютнаюгнк 10лц. ╧60 рюа.;5;1996,97;2335,31;0%;23%;A;1%;26%;A;54;0%;29%;A;AAA;125%;Z;AAAZ
цкхжхм 100лц. ╧100 рюа. ондзъгшв. /ахнрхйх/;5;280,15;350;0%;24%;A;0%;84%;B;54;0%;29%;A;ABA;125%;Z;ABAZ
рерпюжхйкхмнбюъ 1% 5ц. цк. люгэ рсаю /рюрухлтюпл/;5;293,25;343;0%;26%;A;0%;84%;B;54;0%;30%;A;ABA;132%;Z;ABAZ
дерпюкейя 1000лц. ╧60 рюа. о/о/н;4;10802,5;11948;0%;28%;A;3%;3%;A;48;0%;30%;A;AAA;131%;Z;AAAZ
лерпнцхк демрю 20ц. ╧1 цекэ ярнлюр. рсаю;4;1135,35;1534;0%;30%;A;0%;39%;A;48;0%;30%;A;AAA;113%;Z;AAAZ
жхрпюлнм о ╧20 рюа. /тюплярюмдюпр/;6;256,92;396;0%;22%;A;0%;81%;B;48;0%;30%;A;ABA;182%;Z;ABAZ
оюяйюкэ ьопхж 3-у йнло. 3лк. я хцкни 22G 0,7у40лл. ╧10 [PASCAL];4;227,32;358;0%;31%;A;0%;83%;B;48;0%;31%;A;ABA;131%;Z;ABAZ
оюмйпеюрхм 25ед ╧60 рюа.йь/пюярб. о/н аюмйю /ахняхмрег/;7;282,59;350;0%;16%;A;0%;84%;B;48;0%;31%;A;ABA;210%;Z;ABAZ
бндю 2лк. ╧10 д/хм. юло. /тюплюяхмрег/;4;163,52;264;0%;27%;A;0%;89%;B;48;0%;31%;A;ABA;155%;Z;ABAZ
щмюкюопхк 5лц. ╧20 рюа. /уелнтюпл/;6;209,48;238;0%;22%;A;0%;91%;B;48;0%;32%;A;ABA;182%;Z;ABAZ
дхйкнтемюй 25лц/лк. 3лк. ╧5 п-п д/б/л ббед. юло. /уелнтюпл/;4;167,32;204;0%;28%;A;0%;92%;B;48;0%;32%;A;ABA;122%;Z;ABAZ
уеко ахмр яреп. 7лу14ял х/с [HELP];3;91,86;150;0%;43%;A;0%;95%;B;48;0%;32%;A;ABA;113%;Z;ABAZ
цкхжхм 100лц. ╧50 рюа. ондзъгшв. /ахнрхйх/;4;118,22;133;0%;27%;A;0%;96%;C;48;0%;33%;A;ACA;113%;Z;ACAZ
яхкэбеп йюохрюм аюрнмвхй йнйня аек.цкюг. 50ц.;4;81,2;132;0%;31%;A;0%;96%;C;48;0%;33%;A;ACA;113%;Z;ACAZ
юяйнпахмйю ксмрхй бхр.я йксамхйю ╧10 рюа. (30ц.) /тюпл-опн/рхцндю-тюпл/;4;38,68;64;0%;26%;A;0%;99%;C;48;0%;33%;A;ACA;131%;Z;ACAZ
днйрнп оепеж кеийнокюяр. оепжнбши 6X10 ╧1 оепт. /бепнтюпл/;3;28,42;47;0%;35%;A;0%;100%;C;48;0%;33%;A;ACA;162%;Z;ACAZ
юяйнпахмнбюъ й-рю 25лц. бхьмъ ╧10 рюа. йпсрйю яюу. /юяйнопнл/;4;25,76;44;0%;27%;A;0%;100%;C;48;0%;34%;A;ACA;113%;Z;ACAZ
лхднйюкл 150лц. ╧30 рюа. о/о/н /цеденм пхуреп/;4;1833,7;2350;0%;30%;A;1%;25%;A;42;0%;34%;A;AAA;137%;Z;AAAZ
юпахднк люйяхлсл 200лц. ╧10 йюоя. /нрхяхтюпл/тюплярюмдюпр/;4;1775,89;2158;0%;26%;A;1%;28%;A;42;0%;34%;A;AAA;137%;Z;AAAZ
йкнохднцпек-яг 75лц. ╧28 рюа. о/о/н /яебепмюъ гбегдю/;4;1484,68;1850;0%;28%;A;0%;32%;A;42;0%;35%;A;AAA;126%;Z;AAAZ
мспнтем щйяопеяя тнпре 400лц. ╧20 йюоя. /пейхрр аемйхгеп/;4;1273,5;1507;0%;30%;A;0%;40%;A;42;0%;35%;A;AAA;137%;Z;AAAZ
легхл-тнпре ╧80 рюа. о/н /аепкхм-уелх/;4;991,38;1206;0%;29%;A;0%;47%;A;42;0%;35%;A;AAA;137%;Z;AAAZ
хасйкхм 400лц.+325лц. ╧10 рюа. о/о/н;4;524,87;720;0%;28%;A;0%;62%;A;42;0%;35%;A;AAA;126%;Z;AAAZ
кеийнокюяршпэ 2у500 рйюм.нямнбю йюрсьйю йюпрнм /бепнтюпл/;4;116,44;192;0%;29%;A;0%;93%;B;42;0%;36%;A;ABA;126%;Z;ABAZ
кчйяокюяр кеийнокюяр. аюйреп. 19у72лл оепт. рекеям. онкхлеп. ╧10 [LUXPLAST];2;74,98;122;0%;55%;A;0%;96%;C;42;0%;36%;A;ACA;114%;Z;ACAZ
днйрнп оепеж кеийнокюяр. оепжнбши 10X18 ╧1 оепт. /бепнтюпл/;2;59,5;98;0%;50%;A;0%;98%;C;42;0%;36%;A;ACA;114%;Z;ACAZ
южерхкяюкхжхкнбюъ й-рю 500лц. ╧20 рюа. /тюплярюмдюпр/;4;60,72;76;0%;27%;A;0%;99%;C;42;0%;36%;A;ACA;126%;Z;ACAZ
дчтюкюй 667лц/лк. 1000лк. яхпно тк. +лепм.ярюйюм /щаанрр/янкбеи/;3;2477,81;2703,89;0%;36%;A;1%;21%;A;36;0%;37%;A;AAA;155%;Z;AAAZ
яреккюмхм 3% 20ц. люгэ д/мюпсф.опхл. рсаю;3;1203,57;1590;0%;42%;A;0%;37%;A;36;0%;37%;A;AAA;110%;Z;AAAZ
лейяхднк 125лц. ╧50 рюа. о/о/н /тюплюянтр/гхн гднпнбэе/;3;1217,42;1468;0%;38%;A;0%;41%;A;36;0%;37%;A;AAA;126%;Z;AAAZ
нтрюм-йюрюупнл 10лк. цк.йюокх тк.;3;1207,57;1451;0%;40%;A;0%;42%;A;36;0%;37%;A;AAA;126%;Z;AAAZ
днмнплхк 15лц. ╧30 рюа. о/о/н;3;949,62;1254;0%;36%;A;0%;46%;A;36;0%;37%;A;AAA;110%;Z;AAAZ
щлнйяхохм 10лц/лк. 5лк. ╧1 цк.йюокх тк. йпшь/йюо.;3;643,7;870;0%;44%;A;0%;57%;A;36;0%;38%;A;AAA;126%;Z;AAAZ
ямсо 0,1% 90лйц/днгю 15лк. мюгюк.яопеи тк. /ьрюдю/;4;414;488;0%;31%;A;0%;74%;A;36;0%;38%;A;AAA;167%;Z;AAAZ
аерюкнй гнй 25лц. ╧14 рюа.опнкнмц. о/н /юярпю гемейю/;3;370,92;444;0%;33%;A;0%;77%;A;36;0%;38%;A;AAA;126%;Z;AAAZ
L-рхпнйяхм 75лйц. ╧100 рюа. /аепкхм уелх/;3;366,54;432;0%;33%;A;0%;78%;A;36;0%;38%;A;AAA;126%;Z;AAAZ
лерхкспюжхк 10% 25ц. люгэ д/леяр. х мюпсф.опхл. рсаю /мхфтюпл/;3;291,96;417;0%;38%;A;0%;79%;A;36;0%;39%;A;AAA;110%;Z;AAAZ
мн-ьою 40лц. ╧24 рюа. /ухмнхм/;3;294,03;363;0%;39%;A;0%;83%;B;36;0%;39%;A;ABA;126%;Z;ABAZ
юлнйяхжхккхм 500лц. ╧16 йюоя. /уелнтюпл/;3;241,95;303;0%;33%;A;0%;86%;B;36;0%;39%;A;ABA;126%;Z;ABAZ
яхнтнп 500 ╧60 рюа. о/о/н /аепкхм уелх/;3;250,14;295,23;0%;42%;A;0%;87%;B;36;0%;39%;A;ABA;155%;Z;ABAZ
ахянопнкнк 2,5лц. ╧30 рюа. о/о/н /бепрейя/;3;237,16;291;0%;34%;A;0%;87%;B;36;0%;40%;A;ABA;126%;Z;ABAZ
бюкняепдхм 25лк. йюокх д/опхелю бмсрпэ тк. /лнятюплю/;3;219,12;264;0%;34%;A;0%;89%;B;36;0%;40%;A;ABA;126%;Z;ABAZ
легхл-тнпре ╧20 рюа. о/н /аепкхм-уелх/;3;198,27;234;0%;37%;A;0%;91%;B;36;0%;40%;A;ABA;110%;Z;ABAZ
хмднлерюжхм-янтюплю 25лц. ╧30 рюа.йь/пюярб. о/н;3;142,77;219;0%;36%;A;0%;91%;B;36;0%;40%;A;ABA;126%;Z;ABAZ
цеоюпхмнбюъ 25ц. люгэ д/мюпсф.опхл. рсаю /гекемюъ дсапюбю/;3;203,28;213;0%;35%;A;0%;92%;B;36;0%;40%;A;ABA;155%;Z;ABAZ
ярнояеор окчя 90% 100лк. дег.яп-бн тк.;3;106,56;174;0%;42%;A;0%;94%;B;36;0%;41%;A;ABA;126%;Z;ABAZ
ахяюйндхк-мхфтюпл 10лц. ╧10 ясоо. пейр. /мхфтюпл/;3;105,66;132;0%;34%;A;0%;96%;C;36;0%;41%;A;ACA;155%;Z;ACAZ
лемнбюгхм 40лк. ╧1 яохпр. п-п д/мюпсф.опхл. тк. /рскэяйюъ тт/;3;81,09;126;0%;38%;A;0%;96%;C;36;0%;41%;A;ACA;126%;Z;ACAZ
жетюгнкхмю мюрпхебюъ янкэ 1ц. ╧1 онп. д/п-пю б/б,б/л тк. /ахняхмрег/;3;84,03;117;0%;43%;A;0%;97%;C;36;0%;41%;A;ACA;155%;Z;ACAZ
оюпюжерюлнк 500лц. ╧20 рюа. /тюплярюмдюпр/;4;82,51;100;0%;31%;A;0%;98%;C;36;0%;42%;A;ACA;155%;Z;ACAZ
пхмнярно 0,1% 10лк. мюгюк.йюокх тк./йюо. /нрхяхтюпл/кеййн/тюплярюмдюпр кейяпедярбю/;3;77,43;96;0%;41%;A;0%;98%;C;36;0%;42%;A;ACA;126%;Z;ACAZ
ятл яхярелю д/оепекхб. хмтсг. п-пнб ╧1 окюяр.хцкю [SFM];2;57,64;94;0%;60%;A;0%;98%;C;36;0%;42%;A;ACA;126%;Z;ACAZ
перхмнкю южерюр 33000ле ╧30 йюоя. (бхрюлхм ю) /лекхцем/;3;76,89;93;0%;40%;A;0%;98%;C;36;0%;42%;A;ACA;155%;Z;ACAZ
лерпнцхк 5лц/лк. 100лк. ╧1 п-п д/хмт. тк. /чмхй/;3;63,81;78;0%;38%;A;0%;99%;C;36;0%;42%;A;ACA;155%;Z;ACAZ
пхмнпся 0,1% 10лк. мюгюк.йюокх тк./йюо. х/с /яхмрег/;3;60,69;75;0%;41%;A;0%;99%;C;36;0%;43%;A;ACA;126%;Z;ACAZ
юяйнпахмнбюъ й-рю 25лц. ъакнйн ╧10 рюа. йпсрйю яюу. /юяйнопнл/;3;20,58;36;0%;33%;A;0%;100%;C;36;0%;43%;A;ACA;110%;Z;ACAZ
мхлеяхк 100лц. 2ц. ╧30 цпюм. д/ясяо. д/опхелю бмсрпэ оюй. /цсхднррх/лемюпхмх/;4;3697,21;4771;0%;30%;A;1%;11%;A;31;0%;43%;A;AAA;183%;Z;AAAZ
хмцюбхпхм 90лц. ╧10 йюоя. /бюкемрю/;3;1999,35;2217;0%;36%;A;1%;27%;A;30;0%;43%;A;AAA;140%;Z;AAAZ
кебнткнйяюжхм 500лц. ╧10 рюа. о/о/н /тюплярюмдюпр-рнляйухлтюпл/;3;1116,24;1362;0%;37%;A;0%;43%;A;30;0%;43%;A;AAA;159%;Z;AAAZ
мюиг 100лц. ╧30 рюа.;3;801,69;996;0%;39%;A;0%;54%;A;30;0%;44%;A;AAA;140%;Z;AAAZ
днкцхр 5% 100ц. йпел д/мюпсф.опхл. рсаю /днкнпцхр/;3;605,13;717;0%;35%;A;0%;62%;A;30;0%;44%;A;AAA;140%;Z;AAAZ
бепньохпнм 50лц. ╧30 йюоя. /цеденм пхуреп/;3;533,01;645;0%;34%;A;0%;65%;A;30;0%;44%;A;AAA;159%;Z;AAAZ
бюкнйнпдхм 20лк. йюокх д/опхелю бмсрпэ тк./йюо.;3;467,04;585;0%;34%;A;0%;70%;A;30;0%;44%;A;AAA;159%;Z;AAAZ
дегкнпюрюдхм-бектюпл 5лц. ╧10 рюа. о/н;3;345,84;474;0%;35%;A;0%;74%;A;30;0%;44%;A;AAA;140%;Z;AAAZ
тспюжхкхм юбейяхлю 20лц. ╧10 ьхо.рюа. д/п-пю д/леяр. х мюпсф.опхл.;3;317,04;435;0%;43%;A;0%;78%;A;30;0%;45%;A;AAA;140%;Z;AAAZ
мспнтем 100лц/5лк. 100лк. ясяо. йксамхйю д/дереи тк. /пейхрр аемйхгеп/;3;299,91;365,16;0%;39%;A;0%;82%;B;30;0%;45%;A;ABA;159%;Z;ABAZ
пхмнярно 0,1% 15лк. мюгюк.яопеи тк. /нрхяхтюпл/кеййн/тюплярюмдюпр кейяпедярбю/;3;239,79;300;0%;41%;A;0%;86%;B;30;0%;45%;A;ABA;140%;Z;ABAZ
янрюцейяюк 80лц. ╧20 рюа. /цейяюк юц/;3;216,06;270;0%;42%;A;0%;89%;B;30;0%;45%;A;ABA;140%;Z;ABAZ
щбн оюмремнк онлюдю цхцхем. 2,8ц. [EVO] /юбюмрю/;2;72,44;118;0%;62%;A;0%;97%;C;30;0%;45%;A;ACA;118%;Z;ACAZ
яюктерйх дбсуяк. яреп. 45у29ял ╧5;2;71,24;117;0%;59%;A;0%;97%;C;30;0%;46%;A;ACA;159%;Z;ACAZ
ярюпши хярнвмхй якюбъмнбяйюъ бндю лхмеп. щкхрмюъ 1к.;2;71,06;116;0%;60%;A;0%;97%;C;30;0%;46%;A;ACA;118%;Z;ACAZ
жхрпюлнм о ╧10 рюа. /тюплярюмдюпр/;4;64,84;100;0%;32%;A;0%;98%;C;30;0%;46%;A;ACA;192%;Z;ACAZ
ахнбхрю бндю охрэебюъ ярпсйрсп. 0,6к. м/цюг. [BIOVITA];2;52,8;86;0%;46%;A;0%;98%;C;30;0%;46%;A;ACA;118%;Z;ACAZ
кеийнокюяршпэ аюйреп. 6X10 ╧1 /бепнтюпл/;2;9,24;16;0%;54%;A;0%;100%;C;30;0%;46%;A;ACA;159%;Z;ACAZ
лепхдхюм лнвеопхелмхй деряйхи PD2200 200лк. [MERIDIAN];1;7,26;12;0%;82%;B;0%;100%;C;30;0%;46%;A;BCA;192%;Z;BCAZ
репюткч щйярпю кхлнм нр цпхоою х опнярсдш 15ц. ╧10 онп. д/п-пю д/опхелю бмсрпэ оюй.;4;2183,28;2820;0%;32%;A;1%;19%;A;29;0%;47%;A;AAA;198%;Z;AAAZ
ятл ьопхж 5лк. 3-у йнло. 0,7у40лл 22G ╧100 [SFM];4;3067,24;4356;0%;32%;A;1%;12%;A;25;0%;47%;A;AAA;237%;Z;AAAZ
тнятнцкхб тнпре 65лц+300лц. ╧50 йюоя. /тюплярюмдюпр/;2;2048,13;2268;0%;61%;A;1%;26%;A;24;0%;47%;A;AAA;122%;Z;AAAZ
рпхокхйяюл 5лц.+1,25лц.+5лц. ╧30 рюа. о/о/н;2;1427,16;1842;0%;61%;A;0%;32%;A;24;0%;47%;A;AAA;155%;Z;AAAZ
пекхт опн 40лц.+1лц. ╧10 ясоо. пейр.;2;1367,44;1764;0%;58%;A;0%;35%;A;24;0%;47%;A;AAA;155%;Z;AAAZ
опеярюмя 5лц.+5лц. ╧30 рюа.;2;1254,73;1463;0%;58%;A;0%;41%;A;24;0%;47%;A;AAA;155%;Z;AAAZ
янпахтеп дспскея 320лц/60лц. ╧50 рюа. о/н;2;1116,04;1440;0%;59%;A;0%;42%;A;24;0%;48%;A;AAA;122%;Z;AAAZ
жхярнм ╧100 рюа.;2;1106,97;1429;0%;62%;A;0%;42%;A;24;0%;48%;A;AAA;122%;Z;AAAZ
йюметпнм м ╧60 рюа. о/н;2;1111,4;1280;0%;51%;A;0%;45%;A;24;0%;48%;A;AAA;122%;Z;AAAZ
лхйндепхк 1% 10лк. ╧1 п-п д/мюпсф.опхл. тк./йюо.;2;907,01;1198;0%;55%;A;0%;47%;A;24;0%;48%;A;AAA;155%;Z;AAAZ
цпхоотепнм 10000ле/лк. 500ле/днгю 10лк. 200днг мюгюк.яопеи тк. /тхпм л/;2;878,24;1160;0%;49%;A;0%;48%;A;24;0%;48%;A;AAA;155%;Z;AAAZ
дерпхлюйя 2000 240лц. ╧60 рюа. о/н;2;968;1114;0%;49%;A;0%;50%;A;24;0%;48%;A;AAA;122%;Z;AAAZ
йкюпхрпнлхжхм-бепре 500лц. ╧14 рюа. о/о/н /бепрейя/;2;838,2;998;0%;52%;A;0%;53%;A;24;0%;48%;A;AAA;155%;Z;AAAZ
лхйпнкюйя 5лк. ╧4 п-п д/пейр. ббед. лхйпнйкхглю;2;718,14;949;0%;55%;A;0%;55%;A;24;0%;49%;A;AAA;122%;Z;AAAZ
цейяюкхг ╧30 рюа. д/пюяя.;2;640,13;846;0%;48%;A;0%;58%;A;24;0%;49%;A;AAA;122%;Z;AAAZ
южхйкнбхп-аексон 400лц. ╧35 рюа. о/н /аексон/;2;674,02;798;0%;46%;A;0%;58%;A;24;0%;49%;A;AAA;155%;Z;AAAZ
лхкдпнмюр 100лц/лк. 5лк. ╧10 п-п д/б/б,б/л х оюпюаскэа. ббед. юло. /цпхмдейя/;2;610,92;749;0%;55%;A;0%;60%;A;24;0%;49%;A;AAA;122%;Z;AAAZ
мнкэоюгю 20лц. ╧28 рюа.йь/пюярб. о/н /KRKA/;2;539,74;730;0%;56%;A;0%;61%;A;24;0%;49%;A;AAA;122%;Z;AAAZ
кхгхмнопхк 10лц. ╧60 рюа. /бепрейя/;3;592,9;706;0%;37%;A;0%;63%;A;24;0%;49%;A;AAA;182%;Z;AAAZ
рпхлерюгхдхм-юйня лб 35лц. ╧60 рюа. лндхт.бшяб. /ахнйнл/;2;518,92;702;0%;61%;A;0%;63%;A;24;0%;50%;A;AAA;122%;Z;AAAZ
дхюаернм лб 60лц. ╧30 рюа. лндхт.бшяб. /яепбэе/;3;538,89;624;0%;35%;A;0%;67%;A;24;0%;50%;A;AAA;182%;Z;AAAZ
кебнлейнкэ 40лц/ц.+7,5лц/ц. 40ц. ╧1 люгэ д/мюпсф.опхл. рсаю /мхфтюпл/;3;452,82;621;0%;37%;A;0%;67%;A;24;0%;50%;A;AAA;182%;Z;AAAZ
лнйянмхдхм-яг 0,2лц. ╧60 рюа. о/о/н /яебепмюъ гбегдю/;2;452,02;562;0%;56%;A;0%;70%;A;24;0%;50%;A;AAA;122%;Z;AAAZ
цкхжепхм 2,11ц. ╧10 ясоо. пейр. /мхфтюпл/;2;375,96;516;0%;48%;A;0%;72%;A;24;0%;50%;A;AAA;122%;Z;AAAZ
юрнохй йпел-ярхй сяонйюхбючыхи д/дер. 0+ 4,9лк. оемюк [ATOPIC];2;324,65;504;0%;45%;A;0%;73%;A;24;0%;50%;A;AAA;122%;Z;AAAZ
оепхмебю 4лц. ╧30 рюа. /KRKA/;2;408,31;500;0%;57%;A;0%;73%;A;24;0%;50%;A;AAA;122%;Z;AAAZ
рнкоепхгнм 150лц. ╧30 рюа. о/о/н /ледхянпа/;2;349,18;480;0%;61%;A;0%;74%;A;24;0%;51%;A;AAA;122%;Z;AAAZ
яокюр гса.оюярю кевеамше рпюбш 100лк. [SPLAT];2;305,66;475;0%;59%;A;0%;74%;A;24;0%;51%;A;AAA;122%;Z;AAAZ
днмюр люцмхи бндю цюг. 1к. ощр [DONAT];2;291;452;0%;50%;A;0%;76%;A;24;0%;51%;A;AAA;122%;Z;AAAZ
лейяхднк гса.оюярю демр юйрхб 100ц. [MEXIDOL];2;290,12;450;0%;55%;A;0%;76%;A;24;0%;51%;A;AAA;155%;Z;AAAZ
йюттерхм кюир ╧12 рюа.;2;296,01;407;0%;52%;A;0%;80%;A;24;0%;51%;A;AAA;155%;Z;AAAZ
охйюлхкнм 20лц. ╧30 рюа. /тюплярюмдюпр/;3;264,69;378;0%;40%;A;0%;81%;B;24;0%;51%;A;ABA;182%;Z;ABAZ
йюквей 5лц. ╧30 рюа. /хойю/;2;314,52;376;0%;51%;A;0%;81%;B;24;0%;51%;A;ABA;155%;Z;ABAZ
щмюкюопхк цейяюк 10лц. ╧50 рюа. /цейяюк юц/;2;317,18;376;0%;62%;A;0%;81%;B;24;0%;52%;A;ABA;155%;Z;ABAZ
йюонрем 25лц. ╧28 рюа. /юйпхухм/;2;315,55;355;0%;51%;A;0%;83%;B;24;0%;52%;A;ABA;155%;Z;ABAZ
юлнйяхжхккхм яюмднг 1000лц. ╧12 рюа. о/н акхяреп /яюмднг/;2;278,39;339,58;0%;44%;A;0%;84%;B;24;0%;52%;A;ABA;155%;Z;ABAZ
оюмюмцхм 158лц+140лц. ╧50 рюа. о/о/н /цеденм пхуреп/;2;277,26;336;0%;57%;A;0%;84%;B;24;0%;52%;A;ABA;122%;Z;ABAZ
пебюкцхм ╧20 рюа.;2;237,41;336;0%;58%;A;0%;84%;B;24;0%;52%;A;ABA;155%;Z;ABAZ
ясопюярхм 2% 1лк. ╧5 п-п д/б/б,б/л юло. /щцхя/;2;267;316;0%;60%;A;0%;85%;B;24;0%;52%;A;ABA;155%;Z;ABAZ
пнлюьйх жберйх 1,5ц. ╧20 оюй. /йпюямнцнпяй/;3;215,55;309;0%;41%;A;0%;86%;B;24;0%;53%;A;ABA;182%;Z;ABAZ
мнкэоюгю 20лц. ╧14 рюа.йь/пюярб. о/н /KRKA/;2;222,82;307;0%;56%;A;0%;86%;B;24;0%;53%;A;ABA;122%;Z;ABAZ
йнпбюкнк ╧20 рюа. /чфтюпл/;2;212,8;292;0%;53%;A;0%;87%;B;24;0%;53%;A;ABA;155%;Z;ABAZ
кеийн окюяршпэ лнгнкэмши ╧6 [LEIKO];2;183,82;290;0%;54%;A;0%;87%;B;24;0%;53%;A;ABA;155%;Z;ABAZ
пхмнмнпл-ребю 0,1% 140лйц/днгю 20лк. мюгюк.яопеи тк. /ребю/;3;234,72;288;0%;40%;A;0%;87%;B;24;0%;53%;A;ABA;182%;Z;ABAZ
апюк 500лц. ╧20 рюа.;2;204,56;282;0%;47%;A;0%;88%;B;24;0%;53%;A;ABA;122%;Z;ABAZ
йюлернм 45ц. ющпнгнкэ д/леяр.опхл. аюккнм /тюплярюмдюпр кейяпедярбю/;2;244,8;274;0%;51%;A;0%;88%;B;24;0%;53%;A;ABA;155%;Z;ABAZ
ясопюярхм 25лц. ╧20 рюа. /щцхя/;2;214,88;254;0%;60%;A;0%;90%;B;24;0%;54%;A;ABA;155%;Z;ABAZ
гбепнанъ рпюбю 50ц. /йпюямнцнпяй/;2;140,44;200;0%;50%;A;0%;93%;B;24;0%;54%;A;ABA;155%;Z;ABAZ
L-рхпнйяхм 50лйц. ╧50 рюа. /аепкхм уелх/;2;162,93;199;0%;44%;A;0%;93%;B;24;0%;54%;A;ABA;122%;Z;ABAZ
пханйяхм юбейяхлю 200лц. ╧50 рюа. о/о/н;2;135,02;192;0%;58%;A;0%;93%;B;24;0%;54%;A;ABA;155%;Z;ABAZ
ахтхдслаюйрепхм 5днг ╧10 кхнт. д/ясяо. д/опхелю бмсрпэ х леяр.опхл. тк. /щйнонкхя/;2;151,46;190;0%;46%;A;0%;93%;B;24;0%;54%;A;ABA;122%;Z;ABAZ
югхрпнлхжхм 500лц. ╧3 йюоя. /опнхгбндярбн ледхйюлемрнб/ оПНлЕД/;2;130,4;168;0%;44%;A;0%;94%;B;24;0%;54%;A;ABA;155%;Z;ABAZ
яюкхонд кеийнокюяр. лнгнкэмши 6у10ял. /бепнтюпл/;2;85,36;140;0%;58%;A;0%;95%;C;24;0%;54%;A;ACA;155%;Z;ACAZ
лсйюкрхм 50лц. ╧20 рюа. /тюплярюмдюпр/;2;85,12;130;0%;56%;A;0%;96%;C;24;0%;55%;A;ACA;155%;Z;ACAZ
мхтедхохм 10лц. ╧50 рюа. о/о/н /нгнм/;3;100,32;125;0%;39%;A;0%;96%;C;24;0%;55%;A;ACA;182%;Z;ACAZ
южхйкнбхп-юйпхухм 200лц. ╧20 рюа. /юйпхухм/;2;99,14;124;0%;45%;A;0%;96%;C;24;0%;55%;A;ACA;155%;Z;ACAZ
лерпнмхдюгнк 250лц. ╧20 рюа. /ледхянпа/;3;91,92;111;0%;38%;A;0%;97%;C;24;0%;55%;A;ACA;182%;Z;ACAZ
цкчйнгю 40% 10лк. ╧10 п-п д/хм. юло. /дюкэухлтюпл/;2;86,83;108,66;0%;48%;A;0%;97%;C;24;0%;55%;A;ACA;122%;Z;ACAZ
апнлцейяхм 8лц. ╧50 рюа. /ледхянпа/;2;69,22;106;0%;47%;A;0%;97%;C;24;0%;55%;A;ACA;155%;Z;ACAZ
хасопнтем 200лц. ╧50 рюа. о/н /анпхянбяйхи/;3;83,73;102;0%;36%;A;0%;97%;C;24;0%;56%;A;ACA;182%;Z;ACAZ
дхюгнкхм 100лц. ╧10 дпюфе /тюплярюмдюпр-стюбхрю/;2;62,52;96;0%;49%;A;0%;98%;C;24;0%;56%;A;ACA;155%;Z;ACAZ
йюорнопхк 50лц. ╧20 рюа. /нгнм/;2;70,78;88;0%;52%;A;0%;98%;C;24;0%;56%;A;ACA;155%;Z;ACAZ
кхднйюхм 20лц/лк. 2лк. ╧10 п-п д/хм. юло. /дюкэухлтюпл/;2;67,1;87;0%;54%;A;0%;98%;C;24;0%;56%;A;ACA;155%;Z;ACAZ
юремнкнк пемебюк 100лц. ╧30 рюа. /намнбкемхе/;2;65,98;82;0%;45%;A;0%;98%;C;24;0%;56%;A;ACA;155%;Z;ACAZ
кебнлхжерхм 1% 25лк. ╧1 яохпр. п-п д/мюпсф.опхл. тк./йюо. /рскэяйюъ тт/;2;53,26;82;0%;54%;A;0%;98%;C;24;0%;56%;A;ACA;155%;Z;ACAZ
тсйнпжхм 25лк. п-п д/мюпсф.опхл. тк. /рскэяйюъ тт/;2;52,78;82;0%;62%;A;0%;98%;C;24;0%;56%;A;ACA;122%;Z;ACAZ
дхйкнтемюй 50лц. ╧20 рюа.йь/пюярб. о/н /уелнтюпл/;2;62,15;78;0%;49%;A;0%;99%;C;24;0%;57%;A;ACA;122%;Z;ACAZ
бюгекхм 30ц. люгэ д/мюпсф.опхл. рсаю /лспнляйхи/;2;48,08;74;0%;47%;A;0%;99%;C;24;0%;57%;A;ACA;122%;Z;ACAZ
щбепя-кюит яюктерйю яреп. 2-у як. 16у14ял. ╧10 [EVERS LIFE];3;43,2;72;0%;44%;A;0%;99%;C;24;0%;57%;A;ACA;182%;Z;ACAZ
яемяе люяйю лед. рпеуякнимюъ (3-у) мю пегхмйе цнк. ╧10 [SENSE];2;44,44;72;0%;59%;A;0%;99%;C;24;0%;57%;A;ACA;155%;Z;ACAZ
яюкхжхкнбюъ й-рю 2% 40лк. ╧1 яохпр. п-п д/мюпсф.опхл. тк. /хбюмнбяйюъ тт/;3;53,16;66;0%;41%;A;0%;99%;C;24;0%;57%;A;ACA;182%;Z;ACAZ
опедмхгнкнм 0,5% 15ц. люгэ д/мюпсф.опхл. рсаю /ахняхмрег/;2;51,54;64;0%;58%;A;0%;99%;C;24;0%;57%;A;ACA;155%;Z;ACAZ
цхдпнйнпрхгнм 1% 10ц. люгэ д/мюпсф.опхл. рсаю /мхфтюпл/;2;44,46;56;0%;48%;A;0%;99%;C;24;0%;57%;A;ACA;155%;Z;ACAZ
кеийнокюяршпэ 1у500 пскнм йнмр.союйнбйю/оюйер /бепнтюпл/;2;33,56;56;0%;54%;A;0%;99%;C;24;0%;58%;A;ACA;122%;Z;ACAZ
йЮПРЮ LOYALITY 25п;2;49,62;50;0%;52%;A;0%;100%;C;24;0%;58%;A;ACA;122%;Z;ACAZ
охнмю мюярнийю 25лк. х/с тк. /хбюмнбяйюъ тт/;2;39,32;50;0%;57%;A;0%;100%;C;24;0%;58%;A;ACA;155%;Z;ACAZ
рхлнкнк 0,5% 10лк. цк.йюокх тк./йюо. /якюбъмяйюъ юорейю/;2;38,32;46;0%;60%;A;0%;100%;C;24;0%;58%;A;ACA;155%;Z;ACAZ
кебнлхжерхм 0,25% 10лк. ╧1 цк.йюокх тк./йюо. /кеййн/;2;24,12;38;0%;53%;A;0%;100%;C;24;0%;58%;A;ACA;122%;Z;ACAZ
мюрпхъ укнпхд 0,9% 100лк. ╧28 п-п д/хмт. /щяйнл/;3;1866,48;2055;0%;39%;A;0%;29%;A;21;0%;58%;A;AAA;209%;Z;AAAZ
ятл ьопхж 2лк. 3-у йнло. 0,63у32лл 23G ╧100 [SFM];3;1937,37;2754;0%;43%;A;1%;20%;A;19;0%;58%;A;AAA;232%;Z;AAAZ
щкхйбхя 5лц. ╧60 рюа. о/о/н /отюигеп/апхярнк-люиепя/;2;4641,98;5126;0%;62%;A;1%;9%;A;18;0%;59%;A;AAA;167%;Z;AAAZ
югюпцю 10лц/лк.+5лц/лк. 5лк. ╧1 цк.йюокх тк./йюо.;2;2084,5;2628;0%;44%;A;1%;22%;A;18;0%;59%;A;AAA;167%;Z;AAAZ
бхрюопняр 10лц. ╧10 ясоо. пейр. /мхфтюпл/;2;2271,53;2596;0%;48%;A;1%;22%;A;18;0%;59%;A;AAA;167%;Z;AAAZ
пхцебхднм 0,15лц+0,03лц. ╧63 (21у3) рюа. о/н /цеденм пхуреп/;2;1704,2;2200;0%;58%;A;1%;27%;A;18;0%;59%;A;AAA;156%;Z;AAAZ
мнкхопек ю тнпре 5лц.+1,25лц. ╧30 рюа. о/о/н;2;1451,62;1787;0%;56%;A;0%;34%;A;18;0%;59%;A;AAA;167%;Z;AAAZ
йнпмепецекэ 5% 10ц. цк. цекэ рсаю;2;1352,56;1746;0%;53%;A;0%;36%;A;18;0%;59%;A;AAA;167%;Z;AAAZ
люцмекхя б6 ╧120 рюа. о/н;2;1365,03;1570;0%;55%;A;0%;38%;A;18;0%;59%;A;AAA;167%;Z;AAAZ
онкхдейяю я темхкщтпхмнл 15лк. мюгюк.яопеи тк.;2;1050;1356;0%;57%;A;0%;43%;A;18;0%;59%;A;AAA;167%;Z;AAAZ
цхоняюпр 16лц. ╧28 рюа.;2;746,88;986;0%;48%;A;0%;54%;A;18;0%;59%;A;AAA;167%;Z;AAAZ
днпхрпхжхм ╧10 рюа. д/пюяя.;2;720,94;952;0%;50%;A;0%;55%;A;18;0%;60%;A;AAA;167%;Z;AAAZ
юрнпбюярюрхм-яг 20лц. ╧60 рюа. о/о/н /яебепмюъ гбегдю/;2;662,82;831;0%;45%;A;0%;58%;A;18;0%;60%;A;AAA;167%;Z;AAAZ
йнлахкхоем 2лк. ╧10 п-п д/б/л юло.;2;530,6;717;0%;52%;A;0%;62%;A;18;0%;60%;A;AAA;167%;Z;AAAZ
жхопнкер ю 500лц.+600лц. ╧10 рюа. о/н;2;447,92;606;0%;62%;A;0%;68%;A;18;0%;60%;A;AAA;167%;Z;AAAZ
днйяхжхйкхм янкчьм рюакеря 100лц. ╧10 рюа.дхяоепц. /юрнкк/нгнм/;2;487,97;591;0%;49%;A;0%;69%;A;18;0%;60%;A;AAA;167%;Z;AAAZ
яанп спнкнцхвеяйхи 2ц. ╧20 оюй. (тхрнметпнк) /йпюямнцнпяй/;3;362,82;498;0%;42%;A;0%;73%;A;18;0%;60%;A;AAA;245%;Z;AAAZ
аерюцхярхм-яг 16лц. ╧60 рюа. /яебепмюъ гбегдю/;2;365,64;468;0%;46%;A;0%;75%;A;18;0%;60%;A;AAA;167%;Z;AAAZ
мюмнокюяр тнпре окюяршпэ наеганк. 9у12ял. ╧3;2;300,61;467;0%;56%;A;0%;75%;A;18;0%;60%;A;AAA;167%;Z;AAAZ
яхцмхжет 0,5% 5лк. ╧1 цк.йюокх тк./йюо. /яемрхяя/опнлед/;2;363,49;439;0%;59%;A;0%;77%;A;18;0%;61%;A;AAA;167%;Z;AAAZ
ахянопнкнк 2,5лц. ╧60 рюа. о/н /бепрейя/;2;312,4;372;0%;46%;A;0%;82%;B;18;0%;61%;A;ABA;167%;Z;ABAZ
ахянопнкнк 5лц. ╧60 рюа. о/о/н /бепрейя/;2;304,92;362;0%;46%;A;0%;83%;B;18;0%;61%;A;ABA;167%;Z;ABAZ
нйбхя опнрейрнп щохрекхъ пнцнбнжш 0,3% 5лк. тк./йюо.;1;303,32;327;0%;86%;B;0%;85%;B;18;0%;61%;A;BBA;167%;Z;BBAZ
тксхлсжхк 600лц. ╧10 ьхо.рюа. /гюланм/;2;253,84;306;0%;61%;A;0%;86%;B;18;0%;61%;A;ABA;167%;Z;ABAZ
лхц 400лц. ╧20 рюа. о/о/н /аепкхм-уелх/;2;238,44;286;0%;55%;A;0%;87%;B;18;0%;61%;A;ABA;167%;Z;ABAZ
бнкэрюпем 25лц/лк. 3лк. ╧5 п-п д/б/л юло. /мнбюпрхя/цкюйян/;2;206,95;249;0%;48%;A;0%;90%;B;18;0%;61%;A;ABA;167%;Z;ABAZ
акетюпнкняэнм княэнм йнялер. д/бей 15лк. тк.;1;157,02;244;0%;69%;A;0%;90%;B;18;0%;61%;A;ABA;167%;Z;ABAZ
ярпеорнжхд 10ц. ╧1 онп. д/мюпсф.опхл. аюмйю днг. /кейюпэ/;2;148,8;212;0%;60%;A;0%;92%;B;18;0%;61%;A;ABA;167%;Z;ABAZ
кейпнкхм 20лц/лк. 10лк. ╧1 цк.йюокх тк. /яюмрщм/;2;172,54;210;0%;54%;A;0%;92%;B;18;0%;62%;A;ABA;167%;Z;ABAZ
оепейхяэ бнднпндю 3% 1к. п-п дег.яп-бн тк.;1;114,9;179;0%;88%;B;0%;93%;B;18;0%;62%;A;BBA;167%;Z;BBAZ
юмюкэцхм 500лц. ╧20 рюа. /тюплярюмдюпр/;3;112,91;173;0%;33%;A;0%;94%;B;18;0%;62%;A;ABA;245%;Z;ABAZ
юяоепю ясоепвхярнрек 3лк. тк.;2;101,48;166;0%;45%;A;0%;94%;B;18;0%;62%;A;ABA;167%;Z;ABAZ
индю 5% 25лк. ╧1 яохпр. п-п д/мюпсф.опхл. тк. /рскэяйюъ тт/;2;98,8;152;0%;51%;A;0%;95%;B;18;0%;62%;A;ABA;167%;Z;ABAZ
кюйнлйю онлюдю цхцхем. ъцндмши лхйя 2,8ц. /юбюмрю/;2;89,77;147;0%;53%;A;0%;94,99%;B;18;0%;62%;A;ABA;167%;Z;ABAZ
ледхйнлед цхюкспнмнбюъ й-рю цекэ йнялерхв. 15лк. тк.;1;90,95;143;0%;81%;B;0%;95%;C;18;0%;62%;A;BCA;167%;Z;BCAZ
дхйкнтемюй 100лц. ╧20 рюа.опнкнмц. о/н /мхфтюпл/уелнтюпл/;2;111,52;140;0%;49%;A;0%;95%;C;18;0%;62%;A;ACA;167%;Z;ACAZ
йпел деряйхи пнлюьйю+бхр.ю+F 75лк. /юбюмрю/;2;75,92;124;0%;53%;A;0%;96%;C;18;0%;62%;A;ACA;167%;Z;ACAZ
индю 5% 10лк. яохпр. п-п тк. /ъпнякюбяйюъ тт/;2;68,5;106;0%;50%;A;0%;97%;C;18;0%;63%;A;ACA;167%;Z;ACAZ
оюмйпеюрхм 30ед ╧60 рюа.йь/пюярб. о/н аюмйю /тюплопнейр/;2;79,5;100;0%;57%;A;0%;98%;C;18;0%;63%;A;ACA;167%;Z;ACAZ
жхюмнйнаюкюлхм 0,5лц/лк. 1лк. ╧10 п-п д/хм. юло. (бхрюлхм б12) /дюкэухлтюпл/;2;75,91;94,09;0%;62%;A;0%;98%;C;18;0%;63%;A;ACA;167%;Z;ACAZ
юремнкнк пемебюк 50лц. ╧30 рюа. /намнбкемхе/;2;66,86;83;0%;45%;A;0%;98%;C;18;0%;63%;A;ACA;167%;Z;ACAZ
оюяйюкэ ьопхж 3-у йнло. 20лк. я хцкни 21G 0,8у40лл. ╧5 [PASCAL];1;47,16;77;0%;87%;B;0%;99%;C;18;0%;63%;A;BCA;167%;Z;BCAZ
йюкхмнб пндмхй бндю лхмеп. 0,5к. м/цюг.;2;46,08;76;0%;51%;A;0%;99%;C;18;0%;63%;A;ACA;167%;Z;ACAZ
кчйяокюяр кеийнокюяр. аюйреп. 19у72лл рйюм. щк.рекеям. ╧10 [LUXPLAST];1;44,45;72;0%;81%;B;0%;99%;C;18;0%;63%;A;BCA;167%;Z;BCAZ
цхдпноепхр 1,5ц. ╧8 рюа. д/п-пю д/леяр. х мюпсф.опхл. /рюрухлтюплопеоюпюрш/;1;29,87;46;0%;72%;A;0%;100%;C;18;0%;63%;A;ACA;167%;Z;ACAZ
яюктерйх 8-х якнимюъ яреп. 5ялу5ял ╧10;1;26,19;43;0%;91%;B;0%;100%;C;18;0%;63%;A;BCA;167%;Z;BCAZ
йнмреимеп д/яанпю ахнлюрепхюкю 120лк. смхбепя. яреп. (аюмйю);2;15,76;28;0%;52%;A;0%;100%;C;18;0%;64%;A;ACA;167%;Z;ACAZ
охоерйю цк. рпюблнаег. ╧1 тср.;1;10,17;17;0%;88%;B;0%;100%;C;18;0%;64%;A;BCA;167%;Z;BCAZ
ющпрюк 100лц. ╧60 рюа. о/о/н;2;1836,28;2370;0%;46%;A;1%;25%;A;16;0%;64%;A;AAA;182%;Z;AAAZ
оскэлхйнпр 0,25лц/лк. 2лк. ╧20 ясяо. д/хмц. йнмр. /юярпю гемейю/;2;1195,62;1312;0%;58%;A;0%;45%;A;15;0%;64%;A;AAA;188%;Z;AAAZ
тнятюкчцекэ 16ц. ╧20 цекэ д/опхелю бмсрпэ оюй.;2;839,32;1108;0%;61%;A;0%;51%;A;14;0%;64%;A;AAA;209%;Z;AAAZ
яемюде 13,5лц. ╧500 рюа. /жхокю/;2;984,2;1186;0%;59%;A;0%;48%;A;14;0%;64%;A;AAA;211%;Z;AAAZ
хмзейрпюм 100лц/лк. 2лк. ╧10 п-п д/б/л юло.;2;2956,93;3697;0%;50%;A;1%;15%;A;12;0%;64%;A;AAA;245%;Z;AAAZ
кхррк днйрнп рнмнлерп LD-51U юбрнлюр мю окевн 22-42ял. +юдюореп [LITTLE DOCTOR];1;2552,43;3497;0%;80%;B;1%;16%;A;12;0%;64%;A;BAA;155%;Z;BAAZ
беяяек дсщ т 250ед ╧60 йюоя.;1;3325,3;3482;0%;70%;A;1%;16%;A;12;0%;64%;A;AAA;155%;Z;AAAZ
кнмцхдюгю 3000ле ╧10 ясоо. пейр./бюцхм.;1;2238,25;2642;0%;81%;B;1%;21%;A;12;0%;64%;A;BAA;155%;Z;BAAZ
рнмнлерп UA-604 о/юбрнлюр [AND];1;1792,34;2456;0%;95%;B;1%;23%;A;12;0%;64%;A;BAA;155%;Z;BAAZ
днмю 750лц. ╧60 рюа. о/н;1;1698,28;2123;0%;74%;A;0%;29%;A;12;0%;64%;A;AAA;155%;Z;AAAZ
рпхледюр тнпре 300лц. ╧60 рюа.опнкнмц. о/о/н;1;1548,9;1937;0%;95%;C;0%;32%;A;12;0%;65%;A;CAA;155%;Z;CAAZ
йнкерейя йнкецекэ-дмй-к депхмюр+кхднйюхм 100лк. рсаю (яюктерйю цхдпнцекеб.);1;1322,63;1812;0%;78%;A;0%;33%;A;12;0%;65%;A;AAA;155%;Z;AAAZ
юпрпюднк 100лц. ╧20 кхнт. д/п-пю д/б/л юло.;1;1399,32;1750;0%;66%;A;0%;35%;A;12;0%;65%;A;AAA;155%;Z;AAAZ
юкэтю мнплхйя 200лц. ╧28 рюа. о/о/н;1;1629,21;1706;0%;64%;A;0%;37%;A;12;0%;65%;A;AAA;155%;Z;AAAZ
ярпегюл 50лц. ╧60 йюоя.;1;1263,26;1316;0%;93%;B;0%;44%;A;12;0%;65%;A;BAA;155%;Z;BAAZ
цкчйнтюф кнмц 1000лц. ╧60 рюа.опнкнмц. /лепй яюмрщ/;2;1182,98;1314;0%;49%;A;0%;44%;A;12;0%;65%;A;AAA;245%;Z;AAAZ
бхохдхъ 25лц. ╧28 рюа. о/о/н /рюйедю/;1;1152,17;1276;0%;70%;A;0%;45%;A;12;0%;65%;A;AAA;155%;Z;AAAZ
тспюлюц 50лц. ╧30 йюоя. /нкюимтюпл/;1;1006,07;1258;0%;97%;C;0%;46%;A;12;0%;65%;A;CAA;155%;Z;CAAZ
йюкэжелхм юдбюмя ╧60 рюа. о/о/н;1;1005,41;1257;0%;76%;A;0%;46%;A;12;0%;65%;A;AAA;155%;Z;AAAZ
хпсмхм 100лц. ╧14 йюоя. /бепнтюпл/;1;944,78;1219;0%;76%;A;0%;46%;A;12;0%;65%;A;AAA;155%;Z;AAAZ
спянтюкэй 250лц/5лк. 250лк. ясяо. д/опхелю бмсрпэ тк. /тюкэй тюплю/бхтнп/;1;1095,6;1206;0%;96%;C;0%;47%;A;12;0%;65%;A;CAA;155%;Z;CAAZ
юйпхдепл цй 0,05%+0,1%+1% 30ц. ╧1 йпел д/мюпсф.опхл. рсаю /юйпхухм/;1;893,49;1153;0%;64%;A;0%;48%;A;12;0%;65%;A;AAA;155%;Z;AAAZ
мюгнмейя 50лйц/днгю 18ц. 120днг ╧1 мюгюк.яопеи тк.;1;890,84;1150;0%;84%;B;0%;49%;A;12;0%;65%;A;BAA;155%;Z;BAAZ
яемх рпсяхйх юйрхб бохршб. мнплюк п.L(3) ╧10 (100-135ял.) [SENI];1;807,75;1147;0%;91%;B;0%;49%;A;12;0%;66%;A;BAA;155%;Z;BAAZ
днпгнор окчя 20+5лц/лк. 5лк. цк.йюокх тк./йюо.;1;886,98;1145;0%;75%;A;0%;49%;A;12;0%;66%;A;AAA;155%;Z;AAAZ
рпхокхйяюл 10лц.+2,5лц.+10лц. ╧30 рюа. о/о/н;1;884;1141;0%;95%;C;0%;49%;A;12;0%;66%;A;CAA;155%;Z;CAAZ
реклхярю 80лц. ╧84 рюа.;1;871,09;1124;0%;94%;B;0%;50%;A;12;0%;66%;A;BAA;155%;Z;BAAZ
юкэтю мнплхйя 200лц. ╧12 рюа. о/о/н;1;864,03;1115;0%;64%;A;0%;50%;A;12;0%;66%;A;AAA;155%;Z;AAAZ
ясопюйя янкчрюа 400лц. ╧7 рюа. дхяоепц.;1;860,76;1111;0%;93%;B;0%;51%;A;12;0%;66%;A;BAA;155%;Z;BAAZ
теярюк ╧100 дпюфе;1;866,26;1083;0%;96%;C;0%;52%;A;12;0%;66%;A;CAA;155%;Z;CAAZ
бюкэяюйнп м 160лц.+12,5лц. ╧90 рюа. о/о/н /KRKA/;1;1032,35;1081;0%;70%;A;0%;52%;A;12;0%;66%;A;AAA;155%;Z;AAAZ
днооекэцепж юйрхб нлецю-3 ╧80 йюоя.;1;871,84;1047;0%;74%;A;0%;52%;A;12;0%;66%;A;AAA;155%;Z;AAAZ
юрнпхя 20лц. ╧90 рюа. о/о/н /KRKA/;1;929,01;1036;0%;67%;A;0%;53%;A;12;0%;66%;A;AAA;155%;Z;AAAZ
кнцеяр 75лйц.+20лйц. ╧21 рюа. о/н;1;788,43;1018;0%;80%;B;0%;53%;A;12;0%;66%;A;BAA;155%;Z;BAAZ
юкепюмю бхрюлхммн-лхмепюкэмши йнлокейя демэ-мнвэ ╧60 рюа. [ALERANA];1;694,8;987;0%;64%;A;0%;54%;A;12;0%;66%;A;AAA;155%;Z;AAAZ
лхдпхлюйя 5лк. ╧1 цк.йюокх тк./йюо.;1;739,82;955;0%;82%;B;0%;54%;A;12;0%;66%;A;BAA;155%;Z;BAAZ
юкэтюцюм п 0,15% 5лк. цк.йюокх тк./йюо.;1;724,22;935;0%;65%;A;0%;55%;A;12;0%;67%;A;AAA;155%;Z;AAAZ
бнкэрюпем щлскэцекэ 2% 100ц. цекэ д/мюпсф.опхл. рсаю;1;798,64;935;0%;71%;A;0%;55%;A;12;0%;67%;A;AAA;155%;Z;AAAZ
опеярюмя 10лц.+10лц. ╧30 рюа.;1;886,16;928;0%;89%;B;0%;56%;A;12;0%;67%;A;BAA;155%;Z;BAAZ
жхрнткюбхм ╧100 рюа.йь/пюярб. /онкхяюм/;1;817,18;907;0%;99%;C;0%;56%;A;12;0%;67%;A;CAA;155%;Z;CAAZ
ахкнахк 40лц. ╧60 йюоя. /KRKA/;1;698,41;901;0%;68%;A;0%;56%;A;12;0%;67%;A;AAA;155%;Z;AAAZ
йяюкюрюм 0,005% 2,5лк. ╧1 цк.йюокх тк./йюо.;1;781,33;899;0%;79%;A;0%;56%;A;12;0%;67%;A;AAA;155%;Z;AAAZ
онкхнйяхднмхи 12лц. ╧10 рюа. /оерпнбюйя/;1;787,59;869;0%;88%;B;0%;57%;A;12;0%;67%;A;BAA;155%;Z;BAAZ
лхкэцюллю 2лк. ╧10 п-п д/б/л юло.;1;667,13;861;0%;82%;B;0%;57%;A;12;0%;67%;A;BAA;155%;Z;BAAZ
люцме б6 тнпре ╧40 рюа. о/о/н;1;647,25;835;0%;81%;B;0%;58%;A;12;0%;67%;A;BAA;155%;Z;BAAZ
йюохкюп 250лц. ╧200 рюа.;1;580,18;824;0%;76%;A;0%;58%;A;12;0%;67%;A;AAA;155%;Z;AAAZ
лнбюкхя 7,5лц. ╧20 рюа.;1;633,61;818;0%;83%;B;0%;58%;A;12;0%;67%;A;BAA;155%;Z;BAAZ
меахкер 5лц. ╧14 рюа. /лемюпхмх/;1;618,6;798;0%;85%;B;0%;59%;A;12;0%;67%;A;BAA;155%;Z;BAAZ
нпдхяя 16лц. ╧30 рюа.;1;605,54;782;0%;87%;B;0%;59%;A;12;0%;67%;A;BAA;155%;Z;BAAZ
деоюмрнк 100лц.+16лц. ╧10 ясоо. бюц. /мхфтюпл/;1;569,76;781;0%;73%;A;0%;59%;A;12;0%;67%;A;AAA;155%;Z;AAAZ
бегхйюп 5лц. ╧30 рюа. о/о/н /юяреккюя/;1;695,74;773;0%;70%;A;0%;59%;A;12;0%;68%;A;AAA;155%;Z;AAAZ
апнйяхмюй 0,09% 2,5лк. ╧1 цк.йюокх тк.;1;593,22;766;0%;69%;A;0%;60%;A;12;0%;68%;A;AAA;155%;Z;AAAZ
опедхгхм 35лц. ╧60 рюа.опнкнмц. о/о/н /цеденм пхуреп/;1;574,48;742;0%;88%;B;0%;60%;A;12;0%;68%;A;BAA;155%;Z;BAAZ
деплнбеир 0,05% 25ц. йпел д/мюпсф.опхл. рсаю;1;566,32;731;0%;73%;A;0%;61%;A;12;0%;68%;A;AAA;155%;Z;AAAZ
йеярхм 20лц. ╧10 рюа. о/н;1;562,03;726;0%;77%;A;0%;61%;A;12;0%;68%;A;AAA;155%;Z;AAAZ
опнярюокюмр 320лц. ╧30 йюоя.;1;562,1;726;0%;89%;B;0%;61%;A;12;0%;68%;A;BAA;155%;Z;BAAZ
яхкдемютхк-яг 100лц. ╧20 рюа. о/о/н /яебепмюъ гбегдю/;1;559,68;722;0%;91%;B;0%;61%;A;12;0%;68%;A;BAA;155%;Z;BAAZ
мнплнаюйр-L 3ц. ╧10 онп. д/-п-пю д/опхелю бмсрпэ яюье;1;513,24;719;0%;85%;B;0%;62%;A;12;0%;68%;A;BAA;155%;Z;BAAZ
рпхледюр 200лц. ╧30 рюа.;1;624,39;719;0%;95%;C;0%;62%;A;12;0%;68%;A;CAA;155%;Z;CAAZ
ясопюдхм йхдя пшайх ╧30 оюярхкйх феб.;1;502,76;714;0%;93%;B;0%;62%;A;12;0%;68%;A;BAA;155%;Z;BAAZ
жхрнткюбхм 10лк. ╧5 п-п д/б/б юло. /онкхяюм/;1;632,94;702;0%;99%;C;0%;63%;A;12;0%;68%;A;CAA;155%;Z;CAAZ
люйяхкюй яхмахнрхй ╧10 йюоя.;1;474,59;698;0%;81%;B;0%;63%;A;12;0%;68%;A;BAA;155%;Z;BAAZ
юйбюкнп щйярпю тнпре 150лк. юкнщ+пнлюьйю мюгюк.яопеи;1;454,23;668;0%;63%;A;0%;64%;A;12;0%;68%;A;AAA;155%;Z;AAAZ
асяйноюм 10лц. ╧20 рюа. о/н;1;510,74;659;0%;70%;A;0%;64%;A;12;0%;69%;A;AAA;155%;Z;AAAZ
люцмекхя б6 ╧90 рюа. о/н;1;548,47;659;0%;81%;B;0%;64%;A;12;0%;69%;A;BAA;155%;Z;BAAZ
аернорхй я 0,25% 5лк. цк.йюокх тк./йюо.;1;497,74;658;0%;68%;A;0%;64%;A;12;0%;69%;A;AAA;155%;Z;AAAZ
пекхт 5лц. ╧10 ясоо. пейр.;1;498,08;658;0%;90%;B;0%;64%;A;12;0%;69%;A;BAA;155%;Z;BAAZ
чмхднйя янкчрюа 100лц. ╧20 рюа.дхяоепц. /юяреккюя/;1;596,85;658;0%;100%;C;0%;64%;A;12;0%;69%;A;CAA;155%;Z;CAAZ
цхмйнсл 40лц. ╧60 йюоя. /щбюкюп/;1;506,31;654;0%;72%;A;0%;64%;A;12;0%;69%;A;AAA;155%;Z;AAAZ
аеоюмрем окчя 5% 30ц. ╧1 йпел д/мюпсф.опхл. рсаю;1;522,09;653;0%;68%;A;0%;65%;A;12;0%;69%;A;AAA;155%;Z;AAAZ
дюмрхмнпл аеах 1лк. ╧10 п-п д/бмсрп. д/ямър.бняоюк. деяем опх опнпег;1;466,26;653;0%;73%;A;0%;65%;A;12;0%;69%;A;AAA;155%;Z;AAAZ
юйрнбецхм 40лц/лк. 5лк. ╧5 п-п д/хм. юло.;1;566,81;652;0%;64%;A;0%;65%;A;12;0%;69%;A;AAA;155%;Z;AAAZ
днооекэцепж юйрхб люцмхи+бхр. цпсоош б ╧30 рюа.;1;432,5;636;0%;74%;A;0%;66%;A;12;0%;69%;A;AAA;155%;Z;AAAZ
аерюяепй 16лц. ╧30 рюа. /щаанр/;1;572,17;634;0%;68%;A;0%;66%;A;12;0%;69%;A;AAA;155%;Z;AAAZ
бхкэопютем янкчрюа 1000лц. ╧10 рюа. дхяоепц. /юяреккюя/;1;566,89;633;0%;70%;A;0%;66%;A;12;0%;69%;A;AAA;155%;Z;AAAZ
яреккюмхм-ощц 3% 20ц. люгэ д/мюпсф.опхл. рсаю;1;478,26;632;0%;93%;B;0%;66%;A;12;0%;69%;A;BAA;155%;Z;BAAZ
лхкдпнмюр 500лц. ╧30 йюоя. /цпхмдейя/;1;477,29;631;0%;82%;B;0%;66%;A;12;0%;70%;A;BAA;155%;Z;BAAZ
ахтхтнпл ╧30 йюоя. йь/пюярб.;1;545,23;628;0%;69%;A;0%;67%;A;12;0%;70%;A;AAA;155%;Z;AAAZ
опнретхйя нвхярхрекэ юйрхбм. д/гса.опнрег. ╧66 рюа. [PROTEFIX];1;424,78;625;0%;89%;B;0%;67%;A;12;0%;70%;A;BAA;155%;Z;BAAZ
юккюохмхм 25лц. ╧30 рюа. /бхкюп/;1;559,91;624;0%;64%;A;0%;67%;A;12;0%;70%;A;AAA;155%;Z;AAAZ
йнмрейя опегепбюрхб LIGHTS нянан рнмйхе ╧12 [CONTEX];1;417,62;614;0%;78%;A;0%;68%;A;12;0%;70%;A;AAA;155%;Z;AAAZ
юлхйяхм 125лц. ╧6 рюа. о/о/н /нрхяхтюпл/тюплярюмдюпр/;1;546,04;611;0%;65%;A;0%;68%;A;12;0%;70%;A;AAA;155%;Z;AAAZ
дхбюгю ╧100 рюа. д/пюяя.;1;456,34;603;0%;73%;A;0%;68%;A;12;0%;70%;A;AAA;155%;Z;AAAZ
жетхйяхл щйяопеяя 400лц. ╧7 рюа. дхяоепц.;1;455;601;0%;98%;C;0%;68%;A;12;0%;70%;A;CAA;155%;Z;CAAZ
рюбюмхй 500лц. ╧10 рюа. о/о/н /яюмнтх-юбемрхя/;1;539,66;598;0%;94%;B;0%;69%;A;12;0%;70%;A;BAA;155%;Z;BAAZ
йпенм 25000 ╧20 йюоя. йь/пюярб. тк. /щаанрр/;1;534,93;592;0%;79%;A;0%;69%;A;12;0%;70%;A;AAA;155%;Z;AAAZ
оюмюмцхм тнпре 316лц+280лц. ╧60 рюа. о/о/н /цеденм пхуреп/;1;491,86;591;0%;87%;B;0%;69%;A;12;0%;70%;A;BAA;155%;Z;BAAZ
дчяоюрюкхм 200лц. ╧30 йюоя. перюпд /щаанрр/;1;531,74;589;0%;75%;A;0%;69%;A;12;0%;70%;A;AAA;155%;Z;AAAZ
менасрхм 200лц. ╧30 рюа.;1;446,06;589;0%;85%;B;0%;69%;A;12;0%;70%;A;BAA;155%;Z;BAAZ
юйбю люпхя мнпл хмремяхб. опнлшбюмхе 150лк. мюгюк.яопеи;1;398,77;587;0%;63%;A;0%;69%;A;12;0%;70%;A;AAA;155%;Z;AAAZ
меахбнкнк-яг 5лц. ╧56 рюа. /яебепмюъ гбегдю/;1;436,25;576;0%;84%;B;0%;70%;A;12;0%;71%;A;BAA;155%;Z;BAAZ
пюгн 20лц. ╧30 рюа.йь/пюярб. о/н;1;432,72;572;0%;89%;B;0%;70%;A;12;0%;71%;A;BAA;155%;Z;BAAZ
онярепхгюм ╧10 ясоо. пейр.;1;432,5;571;0%;88%;B;0%;70%;A;12;0%;71%;A;BAA;155%;Z;BAAZ
рпнйяепсрхм бпюлед 300лц. ╧50 йюоя. /янтюплю/;1;412,55;545;0%;96%;C;0%;71%;A;12;0%;71%;A;CAA;155%;Z;CAAZ
лхднйюкл 50лц. ╧30 рюа. о/о/н /цеденм пхуреп/;1;413,47;538;0%;82%;B;0%;71%;A;12;0%;71%;A;BAA;155%;Z;BAAZ
аеиах йюкл д/лкюдемжеб 15лк. йюокх (яхпно) тк. аеах;1;339,63;524;0%;68%;A;0%;71%;A;12;0%;71%;A;AAA;155%;Z;AAAZ
дпюонкем 55ц. йпел д/мюпсф.опхл. рсаю;1;396,52;524;0%;75%;A;0%;72%;A;12;0%;71%;A;AAA;155%;Z;AAAZ
юрнохй цекэ д/йсоюмхъ я цнкнбш дн оърнй д/дер. 0+ 200лк. тк. [ATOPIC];1;351,42;517;0%;67%;A;0%;72%;A;12;0%;71%;A;AAA;155%;Z;AAAZ
тпюс реяр мю нбскъжхч ╧5 реяр-онкняйю [FRAUTEST];1;336,35;512;0%;96%;C;0%;72%;A;12;0%;71%;A;CAA;155%;Z;CAAZ
тхрнкюйя 500лц. ╧40 рюа.феб. /щбюкюп/;1;347,56;511;0%;96%;C;0%;72%;A;12;0%;71%;A;CAA;155%;Z;CAAZ
ункхяюк 10ц. цекэ ярнлюр. рсаю;1;383,15;506;0%;98%;C;0%;73%;A;12;0%;71%;A;CAA;155%;Z;CAAZ
вскнй йпсцкнбъг. дн аедпю 2 йнлопеяя. нрйпшр. лшянй п.1 (48-54) йпел /юпр.вййб-жй/;1;343,33;505;0%;99%;C;0%;73%;A;12;0%;71%;A;CAA;155%;Z;CAAZ
йюпдхнюйрхб рюспхм 500лц. ╧60 рюа. /щбюкюп/;1;379,73;502;0%;77%;A;0%;73%;A;12;0%;71%;A;AAA;155%;Z;AAAZ
лекюрнмхм 3лц. ╧30 рюа. о/о/н /нгнм/;1;378,35;500;0%;82%;B;0%;73%;A;12;0%;72%;A;BAA;155%;Z;BAAZ
спнкеяюм 25лк. йюокх д/опхелю бмсрпэ тк.;1;378,31;500;0%;96%;C;0%;73%;A;12;0%;72%;A;CAA;155%;Z;CAAZ
лхпюлхярхм 0,01% 150лк. ╧1 п-п д/леяр.опхл. тк. я пюяо.;1;443,52;497;0%;83%;B;0%;73%;A;12;0%;72%;A;BAA;155%;Z;BAAZ
рпхцпхл 5лц. ╧30 рюа.;1;372,99;493;0%;95%;C;0%;74%;A;12;0%;72%;A;CAA;155%;Z;CAAZ
менрюмхм яопеи д/дер. х бгпня. 100лк. тк.;1;334,63;492;0%;85%;B;0%;74%;A;12;0%;72%;A;BAA;155%;Z;BAAZ
мхлскхд 100лц. ╧30 рюа.;1;370,22;489;0%;85%;B;0%;74%;A;12;0%;72%;A;BAA;155%;Z;BAAZ
онкхянпа ло 50ц. ╧1 онп. д/ясяо. аюмйю;1;367,8;486;0%;88%;B;0%;74%;A;12;0%;72%;A;BAA;155%;Z;BAAZ
кхб-52 ╧100 рюа.;1;357,99;473;0%;80%;A;0%;75%;A;12;0%;72%;A;AAA;155%;Z;AAAZ
пемч п-п д/кхмг MULTIPLUS 240лк. тк. [RENU];1;320,79;472;0%;90%;B;0%;75%;A;12;0%;72%;A;BAA;155%;Z;BAAZ
юрнохй йпел д/ефедм. сундю д/дер. 0+ 100лк. тк. [ATOPIC];1;319,07;470;0%;67%;A;0%;75%;A;12;0%;72%;A;AAA;155%;Z;AAAZ
щрнпхюйя 90лц. ╧7 рюа. о/о/н;1;355,63;470;0%;100%;C;0%;75%;A;12;0%;72%;A;CAA;155%;Z;CAAZ
яоюгцюм ╧100 рюа.;1;446,93;468;0%;92%;B;0%;75%;A;12;0%;72%;A;BAA;155%;Z;BAAZ
кюйрнтхкэрпсл 500лц. ╧30 рюа.;1;340,03;449;0%;79%;A;0%;76%;A;12;0%;72%;A;AAA;155%;Z;AAAZ
оемрнйяхтхккхм-яг 400лц. ╧20 рюа.опнкнмц. о/н /яебепмюъ гбегдю/;1;339,85;449;0%;87%;B;0%;76%;A;12;0%;73%;A;BAA;155%;Z;BAAZ
юохгюпрпнм 20ц. ╧1 люгэ д/мюпсф. опхл. рсаю;1;338,92;448;0%;66%;A;0%;76%;A;12;0%;73%;A;AAA;155%;Z;AAAZ
темхярхк 0,1% 30ц. цекэ д/мюпсф.опхл. рсаю;1;372,97;448;0%;96%;C;0%;76%;A;12;0%;73%;A;CAA;155%;Z;CAAZ
ярнлюрнтхр 100лк. щйярпюйр д/леяр.опхл. тк.;1;337,91;447;0%;93%;B;0%;77%;A;12;0%;73%;A;BAA;155%;Z;BAAZ
пеммх ╧24 рюа.феб. лърю а/яюу.;1;337,84;446;0%;90%;B;0%;77%;A;12;0%;73%;A;BAA;155%;Z;BAAZ
нткнлекхд 100ц. люгэ д/мюпсф.опхл. рсаю /яхмрег/;1;337,07;445;0%;87%;B;0%;77%;A;12;0%;73%;A;BAA;155%;Z;BAAZ
щяослхгюм 40лц. ╧25 йюоя. /аепкхм-уелх/;1;332,03;439;0%;100%;C;0%;77%;A;12;0%;73%;A;CAA;155%;Z;CAAZ
менрюмхм йпел д/дер. х бгпня. 50ц. рсаю;1;288,08;438;0%;85%;B;0%;78%;A;12;0%;73%;A;BAA;155%;Z;BAAZ
цпюллхдхм деряй. 1,5лц+1лц. ╧18 рюа. 4+;1;330,01;436;0%;72%;A;0%;78%;A;12;0%;73%;A;AAA;155%;Z;AAAZ
рнпбюйюпд 20лц. ╧30 рюа. о/о/н /яюмнтх/яюмейю/;1;363,48;432;0%;95%;B;0%;78%;A;12;0%;73%;A;BAA;155%;Z;BAAZ
йхебцслю ахмр люпремяю 3,5л.;1;282,94;431;0%;77%;A;0%;78%;A;12;0%;73%;A;AAA;155%;Z;AAAZ
кхмейя тнпре ╧7 йюоя. /кей/;1;326,39;431;0%;80%;B;0%;78%;A;12;0%;73%;A;BAA;155%;Z;BAAZ
лнлюр пхмн 50лйц/днгю 60днг мюгюк.яопеи тк.;1;323,6;428;0%;83%;B;0%;78%;A;12;0%;73%;A;BAA;155%;Z;BAAZ
цкхжхм тнпре 500/580лц. ╧60 рюа. д/пюяя. /щбюкюп/;1;279,86;426;0%;72%;A;0%;78%;A;12;0%;73%;A;AAA;155%;Z;AAAZ
аернтрюм 0,5% 5лк. цк.йюокх тк./йюо.;1;321,66;425;0%;68%;A;0%;78%;A;12;0%;74%;A;AAA;155%;Z;AAAZ
днооекэцепж юйрхб цкхжхм+бхр.б ╧30 йюоя.;1;279,07;425;0%;74%;A;0%;79%;A;12;0%;74%;A;AAA;155%;Z;AAAZ
бюкэяюйнп 80лц. ╧30 рюа. о/о/н /KRKA/;1;320,03;423;0%;70%;A;0%;79%;A;12;0%;74%;A;AAA;155%;Z;AAAZ
йн-дюкэмебю 5лц+0,625лц.+2лц. ╧30 рюа.;1;317,11;419;0%;78%;A;0%;79%;A;12;0%;74%;A;AAA;155%;Z;AAAZ
пнгсбюярюрхм-яг 20лц. ╧30 рюа. о/о/н;1;309,1;409;0%;90%;B;0%;79%;A;12;0%;74%;A;BAA;155%;Z;BAAZ
цпюллхдхм мен 3лц+1лц. ╧18 рюа. д/пюяя.;1;308,99;408;0%;72%;A;0%;80%;A;12;0%;74%;A;AAA;155%;Z;AAAZ
юлекнрейя 1% 50ц. ╧1 цекэ д/мюпсф.опхл. рсаю;1;307,19;406;0%;65%;A;0%;80%;A;12;0%;74%;A;AAA;155%;Z;AAAZ
цпюллхдхм мен я юмеярерхйнл ╧18 рюа. д/пюяя.;1;350,97;404;0%;72%;A;0%;80%;A;12;0%;74%;A;AAA;155%;Z;AAAZ
нлмхрся 50лц. ╧10 рюа. лндхт.бшяб. о/о/н;1;299,16;404;0%;87%;B;0%;79,98%;A;12;0%;74%;A;BAA;155%;Z;BAAZ
мсрпхдпхмй ялеяэ д/щмреп. охрюмхъ йксамхйю 200лк.;1;264,64;403;0%;86%;B;0%;80%;B;12;0%;74%;A;BBA;155%;Z;BBAZ
мюиг 1% 50ц. ╧1 цекэ д/мюпсф.опхл. рсаю;1;304,42;402;0%;84%;B;0%;80%;B;12;0%;74%;A;BBA;155%;Z;BBAZ
йнпецю рюая ахнтнплскю д/вхяр. гса.опнрегнб ╧30 рюа. [COREGA];1;261,47;398;0%;79%;A;0%;81%;B;12;0%;74%;A;ABA;155%;Z;ABAZ
лхппнккю яскэяем тнпре ьюлосмэ 2% йернйнмюгнк 250лк. тк.;1;258,66;394;0%;83%;B;0%;81%;B;12;0%;74%;A;BBA;155%;Z;BBAZ
пхмгюяхо я бхр.я кхлнм 5ц. ╧10 онп. д/п-пю д/опхелю бмсрпэ оюй.;1;284,53;385;0%;90%;B;0%;81%;B;12;0%;75%;A;BBA;155%;Z;BBAZ
оюмрнйпхм 50лк. щйярпюйр д/опхелю бмсрпэ тк. /тюплярюмдюпр/;1;279,62;378;0%;87%;B;0%;81%;B;12;0%;75%;A;BBA;155%;Z;BBAZ
лхйнярно яопеи д/мнц х д/насбх опнтхкюйрхйю цпхайю 150лк. тк.;1;247,84;377;0%;82%;B;0%;81%;B;12;0%;75%;A;BBA;155%;Z;BBAZ
репахмютхм 1% 30ц. йпел д/мюпсф.опхл. рсаю /бепре/;1;278,41;376;0%;94%;B;0%;81%;B;12;0%;75%;A;BBA;155%;Z;BBAZ
лейяхйнп 100лц. ╧60 йюоя. /щйнтюплхмбеяр/;1;307,68;375;0%;82%;B;0%;82%;B;12;0%;75%;A;BBA;155%;Z;BBAZ
цебхяйнм лърю ╧24 рюа.феб.;1;275;372;0%;71%;A;0%;82%;B;12;0%;75%;A;ABA;155%;Z;ABAZ
юклюцекэ ю 170лк. ╧1 ясяо. д/опхелю бмсрпэ тк. /аюкйюм тюплю-рпнъм/;1;308,9;371;0%;64%;A;0%;82%;B;12;0%;75%;A;ABA;155%;Z;ABAZ
юрнпхя 20лц. ╧30 рюа. о/о/н /KRKA/;1;299,61;368;0%;67%;A;0%;82%;B;12;0%;75%;A;ABA;155%;Z;ABAZ
ахйяхрнп 60лц. ╧10 рюа. о/о/н;1;270,95;366;0%;68%;A;0%;82%;B;12;0%;75%;A;ABA;155%;Z;ABAZ
де-мнк 120лц. ╧32 рюа. о/о/н /юяреккюя/;1;304,82;364;0%;73%;A;0%;83%;B;12;0%;75%;A;ABA;155%;Z;ABAZ
ярноюмцхм-ребю 0,2% 30лк. яопеи д/леяр.опхл. тк.;1;268,43;363;0%;93%;B;0%;83%;B;12;0%;75%;A;BBA;155%;Z;BBAZ
цхоняюпр 8лц. ╧28 рюа.;1;267,45;362;0%;72%;A;0%;83%;B;12;0%;75%;A;ABA;155%;Z;ABAZ
ясопюярхмейя 5лц. ╧7 рюа. о/о/н;1;267;361;0%;93%;B;0%;83%;B;12;0%;75%;A;BBA;155%;Z;BBAZ
кепйюмхдхохм-яг 10лц. ╧30 рюа.о/н /яебепмюъ гбегдю/;1;261,88;354;0%;80%;A;0%;83%;B;12;0%;76%;A;ABA;155%;Z;ABAZ
кнгюпрюм-йюмнм 100лц. ╧60 рюа. о/н /йюмнмтюплю/;1;284,35;353;0%;80%;B;0%;83%;B;12;0%;76%;A;BBA;155%;Z;BBAZ
ярпеояхкя бхр. я юоекэяхм ╧24 рюа. д/пюяя.;1;259,4;351;0%;93%;B;0%;83%;B;12;0%;76%;A;BBA;155%;Z;BBAZ
мюянаей 50лйц/днгю 200днг ╧1 мюгюк.яопеи тк. /ребю/;2;291,04;350;0%;56%;A;0%;84%;B;12;0%;76%;A;ABA;245%;Z;ABAZ
юидх опнрейр оекемйх ндмнп. бохр. 60у90 ╧10 [ID];1;228,16;347;0%;63%;A;0%;84%;B;12;0%;76%;A;ABA;155%;Z;ABAZ
дхйкнтемюй-юйня 5% 100ц. цекэ д/мюпсф.опхл. рсаю /яхмрег/;1;323,73;339;0%;74%;A;0%;84%;B;12;0%;76%;A;ABA;155%;Z;ABAZ
дчтюкюй 667лц/лк. 200лк. яхпно тк. +лепм.ярюйюм /щаанрр/янкбеи/;1;281,31;339;0%;75%;A;0%;84%;B;12;0%;76%;A;ABA;155%;Z;ABAZ
ткюлхм 50лц. ╧30 рюа. /бхтхреу/;1;248,76;336;0%;96%;C;0%;85%;B;12;0%;76%;A;CBA;155%;Z;CBAZ
аюкэгюл йюпюбюебю бхрюнм 30лк. д/онкнярх прю тк.;1;215,39;328;0%;67%;A;0%;85%;B;12;0%;76%;A;ABA;155%;Z;ABAZ
рюбецхк 1лц. ╧20 рюа.;1;241,83;327;0%;94%;B;0%;85%;B;12;0%;76%;A;BBA;155%;Z;BBAZ
аерюдхм 10% 120лк. ╧1 п-п д/леяр. х мюпсф.опхл. тк. /щцхя/;1;266,05;322;0%;68%;A;0%;85%;B;12;0%;76%;A;ABA;155%;Z;ABAZ
яхпдюксд 4лц. ╧30 рюа. /мнбюпрхя/;1;266,99;322;0%;92%;B;0%;85%;B;12;0%;76%;A;BBA;155%;Z;BBAZ
йпенм 10000 ╧20 йюоя. йь/пюярб. тк. /щаанрр/;1;276,83;319;0%;79%;A;0%;85%;B;12;0%;76%;A;ABA;155%;Z;ABAZ
лнрхкецюг тнпре 120лц. ╧20 йюоя.;1;236,27;319;0%;84%;B;0%;85%;B;12;0%;76%;A;BBA;155%;Z;BBAZ
цейянпюк рюая йкюяяхй ╧16 юоекэяхм рюа. д/пюяя.;1;251,35;315;0%;71%;A;0%;85%;B;12;0%;77%;A;ABA;155%;Z;ABAZ
йкюпхрпнлхжхм 500лц. ╧14 рюа. о/о/н /пеокейтюпл/аепегнбяйхи/;1;255,76;313;0%;77%;A;0%;86%;B;12;0%;77%;A;ABA;155%;Z;ABAZ
йнмйнп 10лц. ╧30 рюа. о/о/н /лепй/;1;250,91;310,5;0%;78%;A;0%;86%;B;12;0%;77%;A;ABA;155%;Z;ABAZ
менрпюбхяхк лърю ╧24 оюярхкйх [NEOTRAVISIL];1;199,03;309;0%;85%;B;0%;86%;B;12;0%;77%;A;BBA;155%;Z;BBAZ
тспюднмхм 100лц. ╧20 рюа. /нкюимтюпл/;1;227,89;308;0%;97%;C;0%;86%;B;12;0%;77%;A;CBA;155%;Z;CBAZ
юккепбщи 5лц. ╧10 рюа. о/н;1;227,13;307;0%;64%;A;0%;86%;B;12;0%;77%;A;ABA;155%;Z;ABAZ
жхмй+ бхр.я 270лц. ╧50 рюа. /щбюкюп/;1;201,02;306;0%;98%;C;0%;86%;B;12;0%;77%;A;CBA;155%;Z;CBAZ
кюпхопнмр ╧20 рюа. д/пюяя.;1;223,32;302;0%;79%;A;0%;86%;B;12;0%;77%;A;ABA;155%;Z;ABAZ
юрнпбюярюрхм-яг 10лц. ╧60 рюа. о/о/н /яебепмюъ гбегдю/;1;286,44;300;0%;67%;A;0%;86%;B;12;0%;77%;A;ABA;155%;Z;ABAZ
люйяхйнкд пхмн люкхмю 15ц. ╧10 онп. д/п-пю д/опхелю бмсрпэ оюй.;1;220,41;298;0%;81%;B;0%;87%;B;12;0%;77%;A;BBA;155%;Z;BBAZ
норх тпх йюокх д/цкюг сбкюфм. 15лк. [OPTI-FREE];1;192,12;298;0%;87%;B;0%;87%;B;12;0%;77%;A;BBA;155%;Z;BBAZ
йюпдхнлюцмхк 75лц.+15,2лц. ╧100 рюа.;1;246,14;288;0%;77%;A;0%;87%;B;12;0%;77%;A;ABA;155%;Z;ABAZ
мспнтем щйяопеяя 200лц. ╧16 йюоя. /пейхрр аемйхгеп/;1;239,36;286;0%;86%;B;0%;87%;B;12;0%;77%;A;BBA;155%;Z;BBAZ
якюахкем 5лц. ╧20 рюа. о/о/н /бепнтюпл/;1;210,89;285;0%;92%;B;0%;87%;B;12;0%;78%;A;BBA;155%;Z;BBAZ
ярпеояхкя лемрнк+щбйюкхор ╧24 рюа. д/пюяя.;1;225,28;282;0%;93%;B;0%;88%;B;12;0%;78%;A;BBA;155%;Z;BBAZ
н.а. рюлонмш опнйнлтнпр лхмх ╧16 [OB];1;179,46;279;0%;86%;B;0%;88%;B;12;0%;78%;A;BBA;155%;Z;BBAZ
яхкдемютхк-яг 25лц. ╧20 рюа. о/о/н /яебепмюъ гбегдю/;1;205,99;279;0%;92%;B;0%;88%;B;12;0%;78%;A;BBA;155%;Z;BBAZ
гнкнрни ьекй ьюлосмэ-сйпео. йнпмеи о/бшоюд. 400лк.;1;178,78;278;0%;75%;A;0%;88%;B;12;0%;78%;A;ABA;155%;Z;ABAZ
пемцюкхм ╧20 рюа. д/пюяя.;1;203,95;276;0%;90%;B;0%;88%;B;12;0%;78%;A;BBA;155%;Z;BBAZ
йюцнжек 12лц. ╧10 рюа. /мхюпледхй окчя/;1;219,78;275;0%;76%;A;0%;88%;B;12;0%;78%;A;ABA;155%;Z;ABAZ
мюгхбхм яемяхрхб 22,5лйц/днгю 10лк. ╧1 6+ мюгюк.яопеи тк.;1;203,54;275;0%;84%;B;0%;88%;B;12;0%;78%;A;BBA;155%;Z;BBAZ
пнйя гса.ыерйю ледхйюк щйярпю лъцйюъ [ROCS];1;176,46;274;0%;90%;B;0%;88%;B;12;0%;78%;A;BBA;155%;Z;BBAZ
юлнйяхйкюб 250лц.+62,5лц/5лк. 25ц. 100лк. онп. д/ясяо. д/опхелю бмсрпэ тк. +охоер.днгхп. /кей/;1;230,23;273;0%;65%;A;0%;88%;B;12;0%;78%;A;ABA;155%;Z;ABAZ
рнпюяелхд-яг 5лц. ╧60 рюа. /яебепмюъ гбегдю/;1;201,88;273;0%;95%;B;0%;88%;B;12;0%;78%;A;BBA;155%;Z;BBAZ
дхйкнтемюй-юйня 5% 50ц. цекэ д/мюпсф.опхл. рсаю /яхмрег/;1;201,26;272;0%;74%;A;0%;89%;B;12;0%;78%;A;ABA;155%;Z;ABAZ
оепхмднопхк-яг 8лц. ╧30 рюа. /яебепмюъ гбегдю/;1;215,56;271;0%;88%;B;0%;89%;B;12;0%;78%;A;BBA;155%;Z;BBAZ
юрнпбюярюрхм-яг 20лц. ╧30 рюа. о/о/н /яебепмюъ гбегдю/;1;217,69;270;0%;67%;A;0%;89%;B;12;0%;79%;A;ABA;155%;Z;ABAZ
цейянпюк рюая йкюяяхй ╧16 кхлнм рюа. д/пюяя.;1;214,43;269;0%;71%;A;0%;89%;B;12;0%;79%;A;ABA;155%;Z;ABAZ
йюпаюлюгеохм-юкях 200лц. ╧40 рюа. /юкях/;2;223,34;268;0%;52%;A;0%;89%;B;12;0%;79%;A;ABA;245%;Z;ABAZ
дхюйюпа 250лц. ╧30 рюа. /юйпхухм/;1;218,85;266;0%;73%;A;0%;89%;B;12;0%;79%;A;ABA;155%;Z;ABAZ
кюовюрйю йнпмебхыю 50ц. оюй. /гднпнбэе/;2;184,76;264;0%;53%;A;0%;89%;B;12;0%;79%;A;ABA;245%;Z;ABAZ
щлнйях-норхй 10лц/лк. 5лк. ╧1 цк.йюокх /яхмрег/;1;190,49;261;0%;99%;C;0%;89%;B;12;0%;79%;A;CBA;155%;Z;CBAZ
лекнйяхйюл-ребю 15лц. ╧10 рюа.;1;186,32;256;0%;82%;B;0%;90%;B;12;0%;79%;A;BBA;155%;Z;BBAZ
гхммюр 250лц. ╧10 рюа. о/о/н /цкюйян/;1;214,01;255;0%;75%;A;0%;90%;B;12;0%;79%;A;ABA;155%;Z;ABAZ
опнрюпцнк-кнп 200лц. ╧1 рюа. д/п-пю д/леяр.опхл. тк.;1;185,89;255;0%;89%;B;0%;90%;B;12;0%;79%;A;BBA;155%;Z;BBAZ
йнкдюйр ткч окчя ╧10 йюоя.опнкнмц;1;185,36;254;0%;78%;A;0%;90%;B;12;0%;79%;A;ABA;155%;Z;ABAZ
жерпхм 10лц. ╧30 рюа. о/о/н /д-п педдх/;1;213,39;254;0%;98%;C;0%;90%;B;12;0%;79%;A;CBA;155%;Z;CBAZ
мейяхсл 20лц. ╧28 рюа. о/н /юярпю гемейю/;1;210,19;253;0%;85%;B;0%;90%;B;12;0%;79%;A;BBA;155%;Z;BBAZ
йнлокхбхр ╧60 рюа. о/н;1;197,01;247;0%;78%;A;0%;90%;B;12;0%;79%;A;ABA;155%;Z;ABAZ
йнрейя опнйкюдйх скэрпю ясоеп янтр ╧8 [KOTEX];1;157,53;245;0%;79%;A;0%;90%;B;12;0%;80%;A;ABA;155%;Z;ABAZ
хлндхсл щйяопеяя 2лц. ╧10 рюа.кхнт. /ъмяяем/;1;199,14;240;0%;76%;A;0%;90%;B;12;0%;80%;A;ABA;155%;Z;ABAZ
йндекюй мен 1,5лц/лк. 100лк. ╧1 яхпно тк.;1;174,59;240;0%;78%;A;0%;90%;B;12;0%;80%;A;ABA;155%;Z;ABAZ
лне янкмшьйн цекэ-йпел д/йсоюмхъ юапхйнянбши нярпнб 400лк.;1;152,04;236;0%;83%;B;0%;91%;B;12;0%;80%;A;BBA;155%;Z;BBAZ
кеяоетпхк 100лк. п-п д/опхелю бмсрпэ тк. /бхтхреу/;1;171,46;235;0%;80%;A;0%;91%;B;12;0%;80%;A;ABA;155%;Z;ABAZ
цкхжхм тнпре 300/600лц. ╧60 рюа. д/пюяя. /щбюкюп/;1;174,32;231;0%;72%;A;0%;91%;B;12;0%;80%;A;ABA;155%;Z;ABAZ
яокюр гса.оюярю ахнйюкэжхи 100лк. [SPLAT];1;145,37;226;0%;92%;B;0%;91%;B;12;0%;79,95%;A;BBA;155%;Z;BBAZ
кхопхлюп 10лц. ╧30 рюа. о/о/н /цедейе/отюигеп/;1;188,96;224;0%;80%;B;0%;91%;B;12;0%;80,03%;B;BBB;155%;Z;BBBZ
д.рюияя юмцх яеор лед+кхою ╧24 рюа. д/пюяя.;1;161,84;222;0%;73%;A;0%;91%;B;12;0%;80%;B;ABB;155%;Z;ABBZ
инднлюпхм 200 ╧100 рюа. /аепкхм уелх/;1;187,42;222;0%;76%;A;0%;91%;B;12;0%;80%;B;ABB;155%;Z;ABBZ
дхйкнтемюй 1% 40ц. цекэ д/мюпсф.опхл. рсаю /уелнтюпл/;1;160,91;221;0%;74%;A;0%;91%;B;12;0%;80%;B;ABB;155%;Z;ABBZ
жхрпндфейя(бхрюлхм я 900) 3,8ц. ╧20 рюа.ашярпнпюярб.;1;140,67;219;0%;99%;C;0%;91%;B;12;0%;80%;B;CBB;155%;Z;CBBZ
бюкелхдхм 25лк. йюокх д/опхелю бмсрпэ тк.;1;158,9;218;0%;70%;A;0%;92%;B;12;0%;80%;B;ABB;155%;Z;ABBZ
хмцюкхор-бхюкюим цнрнбне онкняйюмхе 200лк. п-п тк.;1;140,38;218;0%;76%;A;0%;92%;B;12;0%;80%;B;ABB;155%;Z;ABBZ
мен-юмцхм ╧24 рюа. д/пюяя. яюу.;1;149,37;217;0%;85%;B;0%;92%;B;12;0%;81%;B;BBB;155%;Z;BBBZ
юдфхяеор лемрнк+щбйюкхор ╧24 рюа. д/пюяя.;1;157,48;216;0%;63%;A;0%;92%;B;12;0%;81%;B;ABB;155%;Z;ABBZ
йнлокхбхр йюкэжхи д3 500лц.+200ле юоекэяхм ╧30 рюа.феб.;1;155,87;214;0%;78%;A;0%;92%;B;12;0%;81%;B;ABB;155%;Z;ABBZ
мюгхбхм 0,05% 10лк. ╧1 6+ мюгюк.йюокх тк./йюо.;1;155,83;214;0%;84%;B;0%;92%;B;12;0%;81%;B;BBB;155%;Z;BBBZ
уюпрлюмм оеую-уютр ахмр яюлнтхйя. йнцегхб. 4лу6ял. аек. /юпр.9324841/9324842/ [HARTMANN PEHA-HAFT];1;137,82;214;0%;98%;C;0%;92%;B;12;0%;81%;B;CBB;155%;Z;CBBZ
юдфхяеор лед+кхлнм ╧24 рюа. д/пюяя.;1;155,28;213;0%;63%;A;0%;92%;B;12;0%;81%;B;ABB;155%;Z;ABBZ
кеямни аюкэгюл нонкюяй. д/прю о/йпнбнрнвхбнярх деяем йнпю дсаю+охурю 250лк.;1;134,74;209;0%;80%;A;0%;92%;B;12;0%;81%;B;ABB;155%;Z;ABBZ
якюахйюо 7,5лц/лк. 10лк. йюокх д/опхелю бмсрпэ тк./йюо. /яхмрег/;1;150,73;207;0%;92%;B;0%;92%;B;12;0%;81%;B;BBB;155%;Z;BBBZ
оюяйюкэ ьопхж 3-у йнло. 2лк. я хцкни 23G 0,6у30лл. ╧10 [PASCAL];2;130,26;206;0%;57%;A;0%;92%;B;12;0%;81%;B;ABB;245%;Z;ABBZ
бхтепнм 40000ле 12ц. люгэ д/леяр. х мюпсф.опхл. рсаю /тепнм/;1;170,87;206;0%;71%;A;0%;92%;B;12;0%;81%;B;ABB;155%;Z;ABBZ
ткнпеяюм пеоеимхй люяйю-йнлопеяя цнпъвюъ 450ц. т-86 [FLORESAN];1;132,28;206;0%;96%;C;0%;92%;B;12;0%;81%;B;CBB;155%;Z;CBBZ
днйрнп лнл ╧20 оюярхкйх юоекэяхм;1;147,79;203;0%;74%;A;0%;93%;B;12;0%;81%;B;ABB;155%;Z;ABBZ
мнплндхохм 5лц. ╧30 рюа. /цеденм пхуреп/;1;168,92;200;0%;85%;B;0%;93%;B;12;0%;81%;B;BBB;155%;Z;BBBZ
юйбюдерпхл 15000ле/лк. 10лк. йюокх д/опхелю бмсрпэ тк./йюо. (бхрюлхм д3 бндм.п-п) /ледюмю/;1;162,15;195;0%;63%;A;0%;93%;B;12;0%;82%;B;ABB;155%;Z;ABBZ
бепньохпнм 25лц. ╧20 рюа. /цеденм пхуреп/;2;155,92;192;0%;47%;A;0%;93%;B;12;0%;82%;B;ABB;245%;Z;ABBZ
уюпрлюмм оеую-уютр ахмр яюлнтхйя. йнцегхб. 4лу4ял. аек. /юпр.932483/ [HARTMANN PEHA-HAFT];1;123,42;192;0%;98%;C;0%;93%;B;12;0%;82%;B;CBB;155%;Z;CBBZ
яоюгцюм ╧20 рюа.;1;137,84;189;0%;92%;B;0%;93%;B;12;0%;82%;B;BBB;155%;Z;BBBZ
дхюдепл йпел-рюкэй д/рекю о/нопекняреи 75лк. /юбюмрю/;1;121,06;188;0%;73%;A;0%;93%;B;12;0%;82%;B;ABB;155%;Z;ABBZ
кеийнокюяршпэ 5у500 рйюм.нямнбю йюрсьйю йюпрнм /бепнтюпл/;2;117,71;186;0%;54%;A;0%;93%;B;12;0%;82%;B;ABB;245%;Z;ABBZ
ялейрю бюмхкэ 3ц. ╧20 онп. д/ясяо. д/опхелю бмсрпэ оюй. /хояем/;1;152,22;183;0%;92%;B;0%;93%;B;12;0%;82%;B;BBB;155%;Z;BBBZ
хмдюоюлхд 2,5лц. ╧30 рюа. о/н /уелнтюпл/;2;141,56;178;0%;50%;A;0%;93%;B;12;0%;82%;B;ABB;245%;Z;ABBZ
дейяюлерюгнм 0,1% 10лк. цк.йюокх тк. /пнлтюпл/;1;129,74;178;0%;73%;A;0%;93%;B;12;0%;82%;B;ABB;155%;Z;ABBZ
L-рхпнйяхм 150лйц. ╧100 рюа. /аепкхм уелх/;1;148,12;177;0%;63%;A;0%;93%;B;12;0%;82%;B;ABB;155%;Z;ABBZ
рхпнгнк 5лц. ╧50 рюа. о/о/н /лепй/;1;143,47;175,5;0%;95%;B;0%;94%;B;12;0%;82%;B;BBB;155%;Z;BBBZ
тпемвх слмюъ щлюкэ бняяр. онбп. мнцреи 15/11лк. /юпр.12069/;1;112,63;175;0%;97%;C;0%;94%;B;12;0%;82%;B;CBB;155%;Z;CBBZ
апнлцейяхм 8 аепкхм-уелх 8лц. ╧25 рюа. о/н /аепкхм уелх/;1;123,97;170;0%;69%;A;0%;94%;B;12;0%;82%;B;ABB;155%;Z;ABBZ
дхткчйюм 150лц. ╧1 йюоя. /отюигеп/;1;142,6;170;0%;74%;A;0%;94%;B;12;0%;83%;B;ABB;155%;Z;ABBZ
юспю бюрмше дхяйх ╧100 [AURA];2;106,78;168;0%;45%;A;0%;94%;B;12;0%;83%;B;ABB;245%;Z;ABBZ
мспнтем 200лц. ╧20 рюа. о/н /пейхрр аемйхгеп/;1;141,6;168;0%;86%;B;0%;94%;B;12;0%;83%;B;BBB;155%;Z;BBBZ
юмрх-щидф бхрюлхм д3 500ле 10лк. ╧1 люяк. п-п д/опхелю бмсрпэ тк./йюо. /щбюкюп/ [ANTI-AGE];1;107,38;167;0%;66%;A;0%;94%;B;12;0%;83%;B;ABB;155%;Z;ABBZ
лхкспхр 100лц. ╧50 рюа. /щцхя/;1;134,01;162;0%;82%;B;0%;94%;B;12;0%;83%;B;BBB;155%;Z;BBBZ
жерпхм 10лц. ╧20 рюа. о/о/н /д-п педдх/;1;134,07;161;0%;98%;C;0%;94%;B;12;0%;83%;B;CBB;155%;Z;CBBZ
юйпхдепл 0,05% 30ц. ╧1 йпел д/мюпсф.опхл. рсаю /юйпхухм/;1;128,32;156;0%;64%;A;0%;94%;B;12;0%;83%;B;ABB;155%;Z;ABBZ
релоюкцхм ╧20 рюа. о/о/н;1;113;155;0%;94%;B;0%;94%;B;12;0%;83%;B;BBB;155%;Z;BBBZ
юмцек онбъгйю окюяршпмнцн рхою аюйреп. 9у10ял. ╧10 [ANGEL];1;97,46;154;0%;66%;A;0%;94%;B;12;0%;83%;B;ABB;155%;Z;ABBZ
L-рхпнйяхм 100лйц. ╧100 рюа. /аепкхм уелх/;1;129,03;153;0%;63%;A;0%;95%;B;12;0%;83%;B;ABB;155%;Z;ABBZ
бемрнкхм 100лйц/днгю 200днг ╧1 ющпнгнкэ д/хмц. /цкюйян/;1;127,23;153;0%;70%;A;0%;95%;B;12;0%;83%;B;ABB;155%;Z;ABBZ
мспнтем 12+ 200лц. ╧12 рюа. о/н /пейхрр аемйхгеп/;1;127,49;153;0%;86%;B;0%;95%;B;12;0%;83%;B;BBB;155%;Z;BBBZ
йюпдхюяй люцмхи 75лц.+15,2лц. ╧100 рюа. о/о/н /йюмнмтюплю/;1;136,8;152,96;0%;77%;A;0%;95%;B;12;0%;83%;B;ABB;155%;Z;ABBZ
бюгекхмнбне люякн д/опхелю бмсрпэ 100лк. ╧1 тк. /ткнпю йюбйюгю/;2;98,78;152;0%;47%;A;0%;95%;B;12;0%;83%;B;ABB;245%;Z;ABBZ
дейяюлерюгнм пемебюк 0,1% 10лк. ╧1 цк.йюокх рча./йюо. /RENEWAL/;1;108,99;150;0%;73%;A;0%;95%;B;12;0%;84%;B;ABB;155%;Z;ABBZ
тспюгнкхднм юбейяхлю 50лц. ╧20 рюа. /хпахряйхи/;1;108,5;149;0%;97%;C;0%;95%;B;12;0%;84%;B;CBB;155%;Z;CBBZ
юлкндхохм-ребю 5лц. ╧30 рюа. /ребю/;1;126,06;148;0%;65%;A;0%;95%;B;12;0%;84%;B;ABB;155%;Z;ABBZ
юкэтю рнйнтепнкю южерюр 200лц. ╧30 йюоя. (бхрюлхм е) /лхмяйхмрепйюоя/;1;100,58;146;0%;65%;A;0%;95,02%;C;12;0%;84%;B;ACB;155%;Z;ACBZ
юйскхи фхп цекэ-аюкэгюл д/рекю нйномхй+яюаекэмхй 125лк.;1;92,3;145;0%;64%;A;0%;95%;C;12;0%;84%;B;ACB;155%;Z;ACBZ
йюкемдскю ╧10 ясоо.пейр. цнленоюр. /лнятюплю/;1;99,8;142;0%;76%;A;0%;95%;C;12;0%;84%;B;ACB;155%;Z;ACBZ
онусдеи вюи д/гднпнбэъ кчдеи йксамхйю 2ц. ╧30 оюй.;1;89,96;142;0%;88%;B;0%;95%;C;12;0%;84%;B;BCB;155%;Z;BCBZ
ткчйнярюр 150лц. ╧1 йюоя. /нрхяхтюпл/;1;117,4;142;0%;96%;C;0%;95%;C;12;0%;84%;B;CCB;155%;Z;CCBZ
гскю кедемжш лскэрхбхрюлхм +бхр.я 60ц. а/яюу. оюй. [SULA];1;89,29;141;0%;75%;A;0%;95%;C;12;0%;84%;B;ACB;155%;Z;ACBZ
гскю кедемжш щбйюкхор +бхр.я 60ц. а/яюу. оюй. [SULA];1;89,29;141;0%;75%;A;0%;95%;C;12;0%;84%;B;ACB;155%;Z;ACBZ
бюкепхюмю щйярпюйр 20лц. ╧50 рюа. о/н /анпхянбяйхи/;2;92;140;0%;47%;A;0%;95%;C;12;0%;84%;B;ACB;245%;Z;ACBZ
бхрюлхп ъмрюпмюъ йхякнрю тнпре 620лц. ╧30 рюа. /йбюдпюр-я/;1;132,72;139;0%;71%;A;0%;95%;C;12;0%;84%;B;ACB;155%;Z;ACBZ
анпфнлх бндю лхмеп. цюг. 0,5к. ярейкн;1;87,3;138;0%;69%;A;0%;95%;C;12;0%;84%;B;ACB;155%;Z;ACBZ
цеоюпхмнбюъ 25ц. люгэ д/мюпсф.опхл. рсаю /мхфтюпл/;1;95,95;137;0%;71%;A;0%;95%;C;12;0%;85%;B;ACB;155%;Z;ACBZ
цхдпнйнпрхгнм 0,5% 3ц. цк. люгэ рсаю /бюкеюмр/ екэтю/;1;113,63;137;0%;71%;A;0%;95%;C;12;0%;85%;B;ACB;155%;Z;ACBZ
апсямхйх кхяр 1,5ц. ╧20 оюй. /йпюямнцнпяй/;1;95,76;136;0%;69%;A;0%;96%;C;12;0%;85%;B;ACB;155%;Z;ACBZ
мюрспю ледхйю цекэ-аюкэгюл йнмяйхи йюьрюм+рпнйяепсрхм д/мнц 85лк. [NATURA MEDICA];1;86,22;136;0%;84%;B;0%;96%;C;12;0%;85%;B;BCB;155%;Z;BCBZ
южж-кнмц 600лц. ╧10 ьхо.рюа. /яюмднг/;1;119,25;135;0%;67%;A;0%;96%;C;12;0%;85%;B;ACB;155%;Z;ACBZ
щцхкнй 50лц. ╧60 рюа. /щцхя/;1;110,23;133;0%;99%;C;0%;96%;C;12;0%;85%;B;CCB;155%;Z;CCBZ
йюпдхйер 20лц. ╧50 рюа.опнкнмц. /чяа тюплю/щияхйю/;1;107,68;129;0%;77%;A;0%;96%;C;12;0%;85%;B;ACB;155%;Z;ACBZ
юйпхдепл 0,05% 30ц. ╧1 люгэ д/мюпсф.опхл. рсаю /юйпхухм/;1;105,59;128;0%;64%;A;0%;96%;C;12;0%;85%;B;ACB;155%;Z;ACBZ
кхгхмнопхк 10лц. ╧30 рюа. /бепрейя/;1;106,7;127;0%;80,041%;B;0%;96%;C;12;0%;85%;B;BCB;155%;Z;BCBZ
ахнхмбемрхйю яхпно люкхмю мю тпсйрнге 250лк. ╧1 тк.;1;79,93;126;0%;69%;A;0%;96%;C;12;0%;85%;B;ACB;155%;Z;ACBZ
911-цекэ-аюкэгюл д/ясярюбнб пюгнцп. нйномхй+лспюб.й-рю 100лк.;1;77,3;122;0%;63%;A;0%;96%;C;12;0%;85%;B;ACB;155%;Z;ACBZ
юрюпюйя 25лц. ╧25 рюа. о/о/н /чяа тюплю/;1;103,04;122;0%;66%;A;0%;96%;C;12;0%;85%;B;ACB;155%;Z;ACBZ
йюкэжхъ цкчйнмюр 10% 5лк. ╧10 п-п д/б/б,б/л ббед. юло. /юрнкк/нгнм/;1;102,08;122;0%;76%;A;0%;96%;C;12;0%;85%;B;ACB;155%;Z;ACBZ
рнпц кюимя аюмйх люяяюф ю/жеккчкхр. ╧1 рчкэоюм;1;77,22;122;0%;95%;B;0%;96%;C;12;0%;86%;B;BCB;155%;Z;BCBZ
жепсйюк 10лц. ╧50 рюа. /юбд тюплю/ребю/;1;97,54;122;0%;98%;C;0%;96%;C;12;0%;86%;B;CCB;155%;Z;CCBZ
911-бемнкцнм цекэ д/мнц опх ръфеярх,анкх,нрейюу 100лк. рсаю;1;75,81;120;0%;63%;A;0%;97%;C;12;0%;86%;B;ACB;155%;Z;ACBZ
хмдюоюлхд лб ьрюдю 1,5лц. ╧30 рюа.опнкнмц. о/н /мхфтюпл/;1;94,92;120;0%;76%;A;0%;97%;C;12;0%;86%;B;ACB;155%;Z;ACBZ
яюмхрекэ яопеи д/псй ю/яеорхв. бхр.е+юкнщ 20лк. [SANITELLE];1;76,32;120;0%;91%;B;0%;97%;C;12;0%;86%;B;BCB;155%;Z;BCBZ
юлкндхохм 5лц. ╧60 рюа. /бепрейя/;1;96,8;119;0%;65%;A;0%;97%;C;12;0%;86%;B;ACB;155%;Z;ACBZ
юмрхонкхжюи ╧4 йюпюлекэ кедемжнбюъ а/яюу.;1;74,8;118;0%;66%;A;0%;97%;C;12;0%;86%;B;ACB;155%;Z;ACBZ
хмднлерюжхм-юкэртюпл 100лц. ╧10 ясоо. пейр.;1;81,72;117;0%;76%;A;0%;97%;C;12;0%;86%;B;ACB;155%;Z;ACBZ
оепрсяяхм-щйн 100лк. яхпно тк. /щйнкюа/;2;74,54;114;0%;57%;A;0%;97%;C;12;0%;86%;B;ACB;245%;Z;ACBZ
кеййеп-индю 5% 5лк. яохпр. п-п йюпюмдюь;1;70;110;0%;80%;A;0%;97%;C;12;0%;86%;B;ACB;155%;Z;ACBZ
хмдюо 2,5лц. ╧30 йюоя. /опн.лед.жя/;1;87,93;109;0%;76%;A;0%;97%;C;12;0%;86%;B;ACB;155%;Z;ACBZ
кедемжш яхкю вершпеу рпюб кюйпхвмше 50ц.;1;68,07;107;0%;79%;A;0%;97%;C;12;0%;86%;B;ACB;155%;Z;ACBZ
рюцхярю 16лц. ╧30 рюа. /мхфтюпл/;1;89,82;106;0%;94%;B;0%;97%;C;12;0%;86%;B;BCB;155%;Z;BCBZ
911-цекэ-аюкэгюл д/мнц йнмяйхи йюьрюм 100лк. рсаю;1;66,4;105;0%;63%;A;0%;97%;C;12;0%;86%;B;ACB;155%;Z;ACBZ
кеййеп-аг апхккхюмрнбши гекемши 1% 5лк. яохпр. п-п ткнлюяреп;1;66,08;104;0%;80%;A;0%;97%;C;12;0%;87%;B;ACB;155%;Z;ACBZ
лне янкмшьйн оемйю д/йсоюмхъ аюч-аючьйх кюбюмдю+пнг.люякн 200лк.;1;66,2;104;0%;83%;B;0%;97%;C;12;0%;87%;B;BCB;155%;Z;BCBZ
кнпхярю 25лц. ╧30 рюа. о/о/н /KRKA/;1;80,03;103;0%;81%;B;0%;97%;C;12;0%;87%;B;BCB;155%;Z;BCBZ
жерхпхгхм 10лц. ╧20 рюа. о/о/н /нгнм/;1;82,51;103;0%;98%;C;0%;97%;C;12;0%;87%;B;CCB;155%;Z;CCBZ
юяйнпахмнбюъ й-рю 100лц.+877лц. цкчйнгю ╧40 рюа. /тюплярюмдюпр/;2;66,42;102;0%;44%;A;0%;97%;C;12;0%;87%;B;ACB;245%;Z;ACBZ
юлнйяхжхккхм 250лц/5лк. 40ц. ╧1 цпюм. д/ясяо. д/опхелю бмсрпэ тк. /уелнтюпл/;1;82,51;102;0%;65%;A;0%;97%;C;12;0%;87%;B;ACB;155%;Z;ACBZ
бхмонжерхм тнпре йюмнм 10лц. ╧30 рюа. /йюмнмтюплю/;1;79,42;102;0%;70%;A;0%;97%;C;12;0%;87%;B;ACB;155%;Z;ACBZ
щбн йпел д/мнц лнвебхмю 50лк. рсаю [EVO] /юбюмрю/;1;64,77;102;0%;99%;C;0%;97%;C;12;0%;87%;B;CCB;155%;Z;CCBZ
юяйнпахмнбюъ й-рю 2,5ц. ╧10 онп. /лекхцем/ (аюд);1;58,37;101;0%;66%;A;0%;97%;C;12;0%;87%;B;ACB;155%;Z;ACBZ
йнпбюкнк тхрн 50лк. йюокх д/опхелю бмсрпэ тк. х/с;1;71,12;101;0%;78%;A;0%;98%;C;12;0%;87%;B;ACB;155%;Z;ACBZ
пхлюмрюдхм юбейяхлю 50лц. ╧20 рюа. (пелюмрюдхм);1;71,02;101;0%;90%;B;0%;98%;C;12;0%;87%;B;BCB;155%;Z;BCBZ
пхмнпся 0,1% 20лк. мюгюк.яопеи тк. +мюяюдйю пюяошкхрекэ /яхмрег/;1;82,24;101;0%;90%;B;0%;98%;C;12;0%;87%;B;BCB;155%;Z;BCBZ
кхгхмнопхк 5лц. ╧30 рюа. /бепрейя/;1;81,4;100;0%;80%;B;0%;98%;C;12;0%;87%;B;BCB;155%;Z;BCBZ
лсйюкрхм пемебюк 50лц. ╧20 рюа. /намнбкемхе/;1;70,22;100;0%;84%;B;0%;98%;C;12;0%;88%;B;BCB;155%;Z;BCBZ
рерпюжхйкхм-кейр 100лц. ╧20 рюа. о/н /рчлемяйхи/;1;69,44;99;0%;94%;B;0%;98%;C;12;0%;88%;B;BCB;155%;Z;BCBZ
юкэтюокюярхй рпсайю пейрюкэмюъ цюгннрбндмюъ д/мнбнпнфд. ╧16;1;60,12;98;0%;65%;A;0%;98%;C;12;0%;88%;B;ACB;155%;Z;ACBZ
ахяеорнк 480лц. ╧28 рюа. /юдюлед тюплю/;1;78,44;98;0%;69%;A;0%;98%;C;12;0%;88%;B;ACB;155%;Z;ACBZ
лне янкмшьйн лшкн фхдйне люякн юбнйюдн 300лк. днгюрнп;1;61,96;98;0%;83%;B;0%;98%;C;12;0%;88%;B;BCB;155%;Z;BCBZ
щбхрю бюрмше дхяйх ╧100 [E'VITA];1;61,92;98;0%;99%;C;0%;98%;C;12;0%;88%;B;CCB;155%;Z;CCBZ
сйпною оюусвецн окндш 50ц. /йпюямнцнпяй/;1;68,13;97;0%;96%;C;0%;98%;C;12;0%;88%;B;CCB;155%;Z;CCBZ
ахмркх-р ахмр кхойхи опнмхжюелши 10ялу2л.;1;60,72;96;0%;68%;A;0%;98%;C;12;0%;88%;B;ACB;155%;Z;ACBZ
кнпюрюдхм 10лц. ╧30 рюа. /нгнм/;1;76,01;95;0%;81%;B;0%;98%;C;12;0%;88%;B;BCB;155%;Z;BCBZ
лертнплхм-ребю 500лц. ╧60 рюа. о/о/н /ребю/;1;75,2;93;0%;82%;B;0%;98%;C;12;0%;88%;B;BCB;155%;Z;BCBZ
мюрспхмн кедемжш юоекэяхм+бхрюлхмш 33,5ц./36,4ц. ╧8;1;57,53;91;0%;84%;B;0%;98%;C;12;0%;88%;B;BCB;155%;Z;BCBZ
тхрнйнялерхй йпел-умю хмдхияйюъ мюрсп. 3.3 цнпэй.ьнйнкюд 50лк.;1;57,56;91;0%;96%;C;0%;98%;C;12;0%;88%;B;CCB;155%;Z;CCBZ
юйбю щип лнпе 50лк. мюгюк.яопеи тк.;1;56,25;89;0%;63%;A;0%;98%;C;12;0%;88%;B;ACB;155%;Z;ACBZ
рпнланонк 75лц. ╧30 рюа.йь/пюярб. о/н /онкэтюплю/;2;71,56;88;0%;61%;A;0%;98%;C;12;0%;89%;B;ACB;245%;Z;ACBZ
лхппнккю пеоеимне люякн 100лк. бхр.ю+бхр.е [MIRROLLA];1;55,06;87;0%;83%;B;0%;98%;C;12;0%;89%;B;BCB;155%;Z;BCBZ
нлеопюгнк-ребю 20лц. ╧28 йюоя. йь/пюярб. /ребю/;1;70,31;87;0%;86%;B;0%;98%;C;12;0%;89%;B;BCB;155%;Z;BCBZ
рпхунонк 250лц. ╧20 рюа. /онкэтюплю/;1;67,51;84;0%;95%;C;0%;98%;C;12;0%;89%;B;CCB;155%;Z;CCBZ
дейюпхя 150лц. ╧1 рюа. /цеденм пхуреп/;1;66,74;83;0%;73%;A;0%;98%;C;12;0%;89%;B;ACB;155%;Z;ACBZ
мхлеяскхд 100лц. ╧20 рюа. /пеокейтюпл/аепегнбяйхи/;1;57,82;83;0%;85%;B;0%;98%;C;12;0%;89%;B;BCB;155%;Z;BCBZ
щпхрпнлхжхмнбюъ 10000ед/ц. 10ц. цк. люгэ рсаю /рюрухлтюпл/;1;58,12;83;0%;100%;C;0%;98%;C;12;0%;89%;B;CCB;155%;Z;CCBZ
люякн накеохунбне цнпмнюкрюияйне 100лк. тк. х/с /юкрюияйхи асйер/;1;51,96;82;0%;81%;B;0%;98%;C;12;0%;89%;B;BCB;155%;Z;BCBZ
кеийнокюяршпэ 4у500 рйюм.нямнбю йюрсьйю йюпрнм /бепнтюпл/;1;49,94;81;0%;79%;A;0%;99%;C;12;0%;89%;B;ACB;155%;Z;ACBZ
пнрнйюм 50лк. щйярпюйр д/опхелю бмсрпэ х леяр.опхл. тк. /бхтхреу/;1;52,8;81;0%;90%;B;0%;99%;C;12;0%;89%;B;BCB;155%;Z;BCBZ
анъпшьмхйю мюярнийю 25лк. тк. /цхоонйпюр/;2;52,06;80;0%;47%;A;0%;99%;C;12;0%;89%;B;ACB;245%;Z;ACBZ
йюлтнпмши яохпр 10% 40лк. ╧1 п-п д/мюпсф.опхл. тк. /хбюмнбяйюъ тт/;2;51,58;80;0%;51%;A;0%;99%;C;12;0%;89%;B;ACB;245%;Z;ACBZ
окюрхтхккхмю ц/р 2лц/лк. 1лк. ╧10 п-п д/о/й юло. /дюкэухлтюпл/;1;63,94;79;0%;88%;B;0%;99%;C;12;0%;89%;B;BCB;155%;Z;BCBZ
яхкэбеп йюохрюм аюрнмвхй йнйня ьнй.цкюг. 50ц.;2;46,85;77;0%;59%;A;0%;99%;C;12;0%;89%;B;ACB;245%;Z;ACBZ
дейюпхя 50лц. ╧2 рюа. /цеденм пхуреп/;1;61,75;77;0%;73%;A;0%;99%;C;12;0%;90%;B;ACB;155%;Z;ACBZ
юккнунк ╧50 рюа. о/н /тюплярюмдюпр/;1;52,91;76;0%;64%;A;0%;99%;C;12;0%;90%;B;ACB;155%;Z;ACBZ
аюдъцю 5ц. онп. д/ясяо. д/мюпсф.опхл. оюй. /гднпнбэе/;1;49,66;76;0%;67%;A;0%;99%;C;12;0%;90%;B;ACB;155%;Z;ACBZ
еяяемрсйх бндю лхмеп. ╧17 0,45к. цюг. ярейкн;1;46,63;76;0%;75%;A;0%;99%;C;12;0%;90%;B;ACB;155%;Z;ACBZ
оюмйпеюрхм 25ед ╧60 рюа.йь/пюярб. о/н /юбейяхлю/;1;61,22;76;0%;87%;B;0%;99%;C;12;0%;90%;B;BCB;155%;Z;BCBZ
йернпнкюй 10лц. ╧28 рюа. о/о/н /намнбкемхе/;1;59,91;74;0%;77%;A;0%;99%;C;12;0%;90%;B;ACB;155%;Z;ACBZ
ясярюлед фюахи йюлемэ цекэ д/мнц д/бем цкчйнгюлхм+рпнйяепсрхм 30ц.;1;45,35;74;0%;93%;B;0%;99%;C;12;0%;90%;B;BCB;155%;Z;BCBZ
бюкхднк 50лц. ╧40 йюоя. ондзъгшв. /кчлх/;1;47,69;73;0%;70%;A;0%;99%;C;12;0%;90%;B;ACB;155%;Z;ACBZ
юлняхм 500лц. ╧10 рюа. /онккн/;1;57,7;72,5;0%;66%;A;0%;99%;C;12;0%;90%;B;ACB;155%;Z;ACBZ
NF бюрю ухпспц. яреп. 100ц. /мэчтюпл/;1;43,29;71;0%;63%;A;0%;99%;C;12;0%;90%;B;ACB;155%;Z;ACBZ
юспю бюрмше дхяйх ╧80 [AURA];1;42,24;69;0%;67%;A;0%;99%;C;12;0%;90%;B;ACB;155%;Z;ACBZ
опнонкхяю мюярнийю 25лк. тк. х/с /бхтхреу/;1;44,5;68;0%;89%;B;0%;99%;C;12;0%;90%;B;BCB;155%;Z;BCBZ
рхюлхмю укнпхд 50лц/лк. 1лк. ╧10 п-п д/б/л ббед. юло. (бхрюлхм б1) /ярюрсятюпл/епебюм.тт/;2;54,18;66,54;0%;60%;A;0%;99%;C;12;0%;90%;B;ACB;245%;Z;ACBZ
бепюоюлхк 80лц. ╧30 рюа. о/н /юкйюкнхд/;1;54,35;66;0%;70%;A;0%;99%;C;12;0%;91%;B;ACB;155%;Z;ACBZ
нйяхрнжхм 5ле/лк. 1лк. ╧5 п-п д/хм. юло. /цеденм пхуреп/;1;53,81;66;0%;86%;B;0%;99%;C;12;0%;91%;B;BCB;155%;Z;BCBZ
мюпгюм бндю лхмеп. 1к. цюг. ощр.;1;39,65;65;0%;84%;B;0%;99%;C;12;0%;91%;B;BCB;155%;Z;BCBZ
хмдюоюлхд 2,5лц. ╧30 рюа. о/н /йюмнмтюплю/;2;52,26;64;0%;50%;A;0%;99%;C;12;0%;91%;B;ACB;245%;Z;ACBZ
юлхрпхорхкхм 25лц. ╧50 рюа. /нгнм/;1;52,01;64;0%;65%;A;0%;99%;C;12;0%;91%;B;ACB;155%;Z;ACBZ
бхрюкнп кедемж.йюпюлекэ юмхя+бхр.я 60ц.;1;35,82;59;0%;70%;A;0%;99%;C;12;0%;91%;B;ACB;155%;Z;ACBZ
лхппнккю пшахи фхп бхрюлхмш ю+д+е 370лц. ╧100 йюоя.;1;35,05;57;0%;83%;B;0%;99%;C;12;0%;91%;B;BCB;155%;Z;BCBZ
онкхмюдхл 0,1%+0,025% 10лк. цк.йюокх тк. /яхмрег/;1;36,97;57;0%;88%;B;0%;99%;C;12;0%;91%;B;BCB;155%;Z;BCBZ
ахнйнмрсп пшахи фхп 330лц. ╧100 йюоя. (пшамши);1;34,26;56;0%;69%;A;0%;99%;C;12;0%;91%;B;ACB;155%;Z;ACBZ
кнпхярю 12,5лц. ╧30 рюа. о/о/н /KRKA/;1;43,81;55;0%;81%;B;0%;99%;C;12;0%;91%;B;BCB;155%;Z;BCBZ
лне янкмшьйн аюкэгюл д/цса бюмхкэ 2,8ц. ярхй;1;31,28;54;0%;83%;B;0%;99%;C;12;0%;91%;B;BCB;155%;Z;BCBZ
пюярнпноьх ьпнр 100ц. онп.;1;33,08;54;0%;89%;B;0%;100%;C;12;0%;91%;B;BCB;155%;Z;BCBZ
дхцнйяхм 250лйц. ╧50 рюа. /цеденм пхуреп/;1;42,2;53;0%;74%;A;0%;100%;C;12;0%;91%;B;ACB;155%;Z;ACBZ
опхяшойю деряйюъ вепедю 40ц. /яюлюпюледопнл/;1;31,92;52;0%;89%;B;0%;100%;C;12;0%;92%;B;BCB;155%;Z;BCBZ
лернопнкнк-ребю 100лц. ╧30 рюа. /ребю/;1;42,1;51;0%;82%;B;0%;100%;C;12;0%;92%;B;BCB;155%;Z;BCBZ
жхопнкер 3лц/лк. 5лк. ╧1 цк.йюокх тк./йюо. /д-п педдх/;1;40,14;50;0%;98%;C;0%;100%;C;12;0%;92%;B;CCB;155%;Z;CCBZ
юебхр 200лц. ╧20 йюоя. (аюд) /лекхцем/;1;29,75;49;0%;63%;A;0%;100%;C;12;0%;92%;B;ACB;155%;Z;ACBZ
яскэтюжхк-мюрпхъ юкэасжхд 20% 10лк. ╧1 цк.йюокх тк./йюо. /кеййн/;1;31,84;49;0%;93%;B;0%;100%;C;12;0%;92%;B;BCB;155%;Z;BCBZ
рпнйяепсрхм 2% 40ц. цекэ д/мюпсф.опхл. рсаю /гекемюъ дсапюбю/;1;38,97;47;0%;95%;C;0%;100%;C;12;0%;92%;B;CCB;155%;Z;CCBZ
нйсопея-е 0,5% 5лк. цк.йюокх тк./йюо. /йюдхкю/;1;35,78;45;0%;86%;B;0%;100%;C;12;0%;92%;B;BCB;155%;Z;BCBZ
щмюл 2,5лц. ╧20 рюа. /д-п педдх/;2;36,08;44;0%;62%;A;0%;100%;C;12;0%;92%;B;ACB;245%;Z;ACBZ
яелеимши гса.онпньнй лнпяй.лхмеп. 140ял.йса/60ц. аюмйю /юбюмрю/;1;26,97;44;0%;91%;B;0%;100%;C;12;0%;92%;B;BCB;155%;Z;BCBZ
бндю 2лк. ╧10 д/хм. юло. /мнбняхаухлтюпл/;1;35,65;43;0%;71%;A;0%;100%;C;12;0%;92%;B;ACB;155%;Z;ACBZ
юлапнйянк-юкях 30лц. ╧30 рюа. /юкях/;1;31,38;40;0%;65%;A;0%;100%;C;12;0%;92%;B;ACB;155%;Z;ACBZ
оюярю яюкхжхкнбн-жхмйнбюъ 25ц. аюмйю /рскэяйюъ тт/;1;26,18;40;0%;87%;B;0%;100%;C;12;0%;92%;B;BCB;155%;Z;BCBZ
юлекхъ бюрю лед. ухпспц. м/яреп. 25ц.;1;23,87;39;0%;65%;A;0%;100%;C;12;0%;92%;B;ACB;155%;Z;ACBZ
йернпнкюй 10лц. ╧14 рюа. о/о/н /намнбкемхе/;1;31,6;39;0%;77%;A;0%;100%;C;12;0%;93%;B;ACB;155%;Z;ACBZ
аная кедемжш нр йюькъ лърю+щбйюкхор 35ц.(╧10);1;22,28;37;0%;69%;A;0%;100%;C;12;0%;93%;B;ACB;155%;Z;ACBZ
юяйнпахмнбюъ й-рю 50лц/лк. 2лк. ╧10 п-п д/б/б,б/л юло. /дюкэухлтюпл/;1;29,85;36;0%;66%;A;0%;100%;C;12;0%;93%;B;ACB;155%;Z;ACBZ
аная кедемжш нр йюькъ лед+кхлнм 35ц.(╧10);1;21,29;35;0%;69%;A;0%;100%;C;12;0%;93%;B;ACB;155%;Z;ACBZ
кхднйюхм 20лц/лк. 2лк. ╧10 п-п д/хм. юло. /якюбъмяйюъ юорейю/;1;27,41;35;0%;79,97%;A;0%;100%;C;12;0%;93%;B;ACB;155%;Z;ACBZ
целюрнцем псяяйхи йедпнбши нпеу 40ц. окхрйю /тюпл-опн/;1;18,5;30;0%;71%;A;0%;100%;C;12;0%;93%;B;ACB;155%;Z;ACBZ
дхледпнк 10лц/лк. 1лк. ╧10 п-п д/б/б,б/л юло. /бектюпл/;1;24,84;30;0%;74%;A;0%;100%;C;12;0%;93%;B;ACB;155%;Z;ACBZ
йяхкем 0,05% 10лк. ╧1 мюгюк.йюокх тк./йюо. /бепнтюпл/;1;23,31;29,9;0%;79%;A;0%;100%;C;12;0%;93%;B;ACB;155%;Z;ACBZ
юспю яюктерйх бкюфм. ю/аюйреп. ╧15 [AURA];1;16,79;28;0%;67%;A;0%;100%;C;12;0%;93%;B;ACB;155%;Z;ACBZ
укнпцейяхдхм 0,05% 200лк. ╧1 п-п д/леяр. х мюпсф.опхл. тк. ощр. /кейюпэ/;1;23,14;28;0%;98%;C;0%;100%;C;12;0%;93%;B;CCB;155%;Z;CCBZ
цнпвхвмхйх-оюйер ╧20;1;15,62;26;0%;72%;A;0%;100%;C;12;0%;93%;B;ACB;155%;Z;ACBZ
ахяюйндхк-уелнтюпл 5лц. ╧30 рюа.йь/пюярб. о/н /уелнтюпл/;1;20,57;25;0%;69%;A;0%;100%;C;12;0%;93%;B;ACB;155%;Z;ACBZ
яюкхжхкнбюъ 2% 25ц. люгэ /рскэяйюъ тт/;1;20,88;25;0%;91%;B;0%;100%;C;12;0%;93%;B;BCB;155%;Z;BCBZ
йнмреимеп д/яанпю ахнлюрепхюкю 60лк. +ьоюрекэ яреп. х/с (аюмйю);2;13,92;24;0%;53%;A;0%;100%;C;12;0%;93%;B;ACB;245%;Z;ACBZ
юллхюй 100лц/лк. 100лк. ╧1 п-п д/мюпсф./хмц. тк. /яюлюпяйюъ тт/;1;15,2;24;0%;65%;A;0%;100%;C;12;0%;94%;B;ACB;155%;Z;ACBZ
южейюпднк 100лц. ╧30 рюа.йь/пюярб. о/о/н /яхмрег/;1;18,39;23;0%;67%;A;0%;100%;C;12;0%;94%;B;ACB;155%;Z;ACBZ
щмюо 2,5лц. ╧20 рюа. /KPKA/;1;16,32;20;0%;100%;C;0%;100%;C;12;0%;94%;B;CCB;155%;Z;CCBZ
укнпцейяхдхм 0,05% 100лк. ╧1 п-п д/леяр. х мюпсф.опхл. тк. ощр. /рскэяйюъ тт/;1;11,55;14;0%;98%;C;0%;100%;C;12;0%;94%;B;CCB;155%;Z;CCBZ
аюухкш ╧10 (5оюп);1;5,94;10;0%;68%;A;0%;100%;C;12;0%;94%;B;ACB;155%;Z;ACBZ
юййс-вей реяр-онкняйх оептнплю ╧100 (50у2) [ACCU-CHEK];1;2550,1;3061;0%;64%;A;1%;19%;A;9;0%;94%;B;AAB;167%;Z;AABZ
лхкэцюллю йнлонгхрсл 100лц+100лц. ╧60 рюа. о/н;1;1418,27;1773;0%;83%;B;0%;34%;A;9;0%;94%;B;BAB;167%;Z;BABZ
пнгюпр 10лц. ╧90 рюа. о/о/н;1;1632,4;2041;0%;90%;B;0%;30%;A;8;0%;94%;B;BAB;182%;Z;BABZ
опюдюйяю 110лц. ╧180 йюоя. /аепхмцеп/;1;9306,53;10375;0%;88%;B;2%;8%;A;8;0%;94%;B;BAB;182%;Z;BABZ
яемх ондцсгмхйх ясоеп окчя юхп щйярпю кюпв д/бгп. п.XL(4) ╧30 (130-170ял.) [SENI];1;2346,54;3215;0%;91%;B;1%;17%;A;8;0%;94%;B;BAB;182%;Z;BABZ
яемх ондцсгмхйх ясоеп юхп щйярпю кюпв д/бгп. п.XL(4) ╧30 (130-170ял.) [SENI];1;2237,48;3066;0%;91%;B;1%;18%;A;8;0%;94%;B;BAB;182%;Z;BABZ
пецскнм 150лйц+30лйц. ╧63 (21X3) рюа. о/н /цеденм пхуреп/;1;1622,46;2029;0%;90%;B;0%;30%;A;8;0%;94%;B;BAB;182%;Z;BABZ
мнбхмер 150лйц+20лйц. ╧63 (21X3) рюа. о/н /цеденм пхуреп/;1;1150,58;1531;0%;85%;B;0%;39%;A;8;0%;94%;B;BAB;182%;Z;BABZ
жекеапейя 200лц. ╧30 йюоя.;1;1209,3;1512;0%;98%;C;0%;40%;A;8;0%;94%;B;CAB;182%;Z;CABZ
уюпрлюмм йнялнонп е онбъгйю 20ялу10ял ╧25 о/ноеп. яюлнйк. яреп. /юпр.9010220/900876/ [HARTMANN COSMO;1;1085,72;1488;0%;97%;C;0%;41%;A;7;0%;94%;B;CAB;194%;Z;CABZ
лхкэцюллю 2лк. ╧25 п-п д/б/л юло.;1;1581,29;1945;0%;83%;B;0%;31%;A;7;0%;94%;B;BAB;200%;Z;BABZ
юйрнбецхм 40лц/лк. 2лк. ╧25 п-п д/хм. юло.;1;1470,75;1839;0%;64%;A;0%;33%;A;7;0%;94%;B;AAB;200%;Z;AABZ
уюпрлюмм апюмнкхмд H онбъгйю яреп. 7,5у10ял. ╧30 оепсюм.аюкэгюл /юпр.4923432/ [BRANOLIND];1;1195,41;1638;0%;97%;C;0%;37%;A;7;0%;94%;B;CAB;200%;Z;CABZ
яоюглюкцнм ╧50 рюа.;1;411,84;544;0%;92%;B;0%;71%;A;7;0%;95%;B;BAB;200%;Z;BABZ
мн-ьою 20лц/лк. 2лк. ╧25 п-п д/б/б,б/л юло. /ухмнхм/;1;454,16;539;0%;85%;B;0%;71%;A;7;0%;95%;B;BAB;200%;Z;BABZ
тхкэрпсл-ярх 400лц. ╧50 рюа.;1;336,24;444;0%;96%;C;0%;77%;A;7;0%;95%;B;CAB;200%;Z;CABZ
лхйпнкюйя 5лк. ╧12 п-п д/пейр. ббед. лхйпнйкхглю;1;859,76;1110;0%;82%;B;0%;51%;A;7;0%;95%;B;BAB;206%;Z;BABZ
уюпрлюмм йнялнонп е онбъгйю 10ялу6ял ╧25 о/ноеп. яюлнйк. яреп. /юпр.901009/ [HARTMANN COSMOPOR];1;364,98;537;0%;97%;C;0%;71%;A;7;0%;95%;B;CAB;215%;Z;CABZ
аюпюкцхм л 500лц. ╧100 рюа.;1;911,57;1176;0%;68%;A;0%;48%;A;7;0%;95%;B;AAB;219%;Z;AABZ
пецхдпнм 18,9ц. ╧20 онп. д/п-пю д/опхелю бмсрпэ оюй. /нпхнм/;1;689,28;759;0%;89%;B;0%;60%;A;7;0%;95%;B;BAB;219%;Z;BABZ
дхнйяхдхм 5лц/лк. 10лк. ╧10 п-п д/хмт. х мюпсф.опхл. юло. /бюкемрю/мнбняхаухлтюпл/теплемр/цпнрейя/;1;503,01;649;0%;74%;A;0%;65%;A;7;0%;95%;B;AAB;219%;Z;AABZ
цкчйнгю 5% 200лк. ╧28 п-п д/хмт. аср. /лнятюпл/;1;657,93;724;0%;72%;A;0%;61%;A;6;0%;95%;B;AAB;226%;Z;AABZ
уюпрлюмм апюмнкхмд H онбъгйю яреп. 10у20ял. ╧30 оепсюм.аюкэгюл /юпр.4923462/ [BRANOLIND];1;2988,82;4095;0%;97%;C;1%;13%;A;6;0%;95%;B;CAB;227%;Z;CABZ
ятл ьопхж 10лк. 3-у йнло. 0,8у40лл 21G ╧100 [SFM];1;1288,97;1766;0%;93%;B;0%;35%;A;6;0%;94,96%;B;BAB;231%;Z;BABZ
ятл ьопхж 3лк. 3-у йнло. 0,6у30лл 23G ╧100 [SFM];1;789,39;1121;0%;94%;B;0%;50%;A;6;0%;95,00%;C;BAC;231%;Z;BACZ
уюпрлюмм йнялнонп е онбъгйю 7,2у5ял ╧50 о/ноеп. яюлнйк. яреп. /юпр.9008705/ [HARTMANN COSMOPOR];1;438,6;645;0%;98%;C;0%;66%;A;6;0%;95%;C;CAC;234%;Z;CACZ
йяюпекрн 10лц. ╧98 рюа. о/о/н /аюиеп/;1;9586,56;10775,7;0%;79%;A;3%;5%;A;6;0%;95%;C;AAC;245%;Z;AACZ
цекюдпхмй тнпре онп. д/опхелю бмсрпэ юоекэяхм 420ц. аюмйю;1;3638,1;4985;0%;71%;A;1%;10%;A;6;0%;95%;C;AAC;245%;Z;AACZ
нлпнм рнмнлерп M2 аюгхй юбрнлюр юдюореп /юпр.HEM-7121-ARU/ [OMRON];1;2796,59;3832;0%;87%;B;1%;14%;A;6;0%;95%;C;BAC;245%;Z;BACZ
репегю лед ондцсгмхйх д/бгп. щйярпю п.3 L ╧28 [TEREZA];1;1786,51;2448;0%;94%;B;1%;24%;A;6;0%;95%;C;BAC;245%;Z;BACZ
йяюкюрюм 0,005% 2,5лк. ╧3 цк.йюокх тк./йюо.;1;1870;2151;0%;79%;A;1%;28%;A;6;0%;95%;C;AAC;245%;Z;AACZ
рпюбюрюм 0,004% 2,5лк. ╧3 цк.йюокх тк./йюо.;1;1576,65;1971;0%;95%;B;0%;31%;A;6;0%;95%;C;BAC;245%;Z;BACZ
юпйнйяхю 90лц. ╧28 рюа. о/о/н;1;1380,93;1727;0%;66%;A;0%;36%;A;6;0%;95%;C;AAC;245%;Z;AACZ
йюметпнм м ╧120 рюа. о/н;1;1217,15;1522;0%;76%;A;0%;39%;A;6;0%;95%;C;AAC;245%;Z;AACZ
йнйюпмхр 187,125лц. ╧3 кхнт. д/п-пю д/б/л юло. +п-кэ 2лк. ╧3 юло.;1;1082,73;1354;0%;78%;A;0%;44%;A;6;0%;95%;C;AAC;245%;Z;AACZ
рпхокхйяюл 5лц.+2,5лц.+10лц. ╧30 рюа. о/о/н;1;856,42;1105;0%;95%;C;0%;52%;A;6;0%;95%;C;CAC;245%;Z;CACZ
дерпюкейя 500лц. ╧30 рюа. о/о/н;1;831,06;1039;0%;73%;A;0%;53%;A;6;0%;95%;C;AAC;245%;Z;AACZ
онкхнйяхднмхи 6лц. ╧10 ясоо. пейр./бюцхм. /оерпнбюйя/;1;894;996,23;0%;88%;B;0%;53%;A;6;0%;95%;C;BAC;245%;Z;BACZ
яхксер 2лц.+0,03лц. ╧21 рюа. о/н /цеденм пхуреп/;1;691,53;948;0%;92%;B;0%;55%;A;6;0%;96%;C;BAC;245%;Z;BACZ
щйяопеяя-реяр мю ю/рекю COVID-19 LGG/LGM;1;619,88;862;0%;99%;C;0%;57%;A;6;0%;96%;C;CAC;245%;Z;CACZ
мнкхопек ю 2,5лц.+0,625лц. ╧30 рюа. о/о/н;1;639,92;788;0%;85%;B;0%;59%;A;6;0%;96%;C;BAC;245%;Z;BACZ
пелемя ╧36 рюа. ондзъгшв. цнленоюр.;1;587,62;759;0%;90%;B;0%;60%;A;6;0%;96%;C;BAC;245%;Z;BACZ
йн-бюлкняер 5лц.+160лц.+12,5лц. ╧30 рюа. о/о/н;1;536,82;693;0%;78%;A;0%;63%;A;6;0%;96%;C;AAC;245%;Z;AACZ
нйрнкхоем 600лц. ╧30 рюа. о/о/н /тюпярюмдюпр-кейяпедярбю/;1;610,3;678;0%;86%;B;0%;63%;A;6;0%;96%;C;BAC;245%;Z;BACZ
опнйрн-цкхбемнк 2% 30ц. йпел пейр. рсаю;1;504,19;651;0%;89%;B;0%;65%;A;6;0%;96%;C;BAC;245%;Z;BACZ
лекюрнмхм-яг 3лц. ╧60 рюа. о/о/н;1;484,71;640;0%;82%;B;0%;66%;A;6;0%;96%;C;BAC;245%;Z;BACZ
бнкэрюпем щлскэцекэ 2% 50ц. цекэ д/мюпсф.опхл. рсаю;1;503,92;630;0%;71%;A;0%;67%;A;6;0%;96%;C;AAC;245%;Z;AACZ
йюрюкхм 750лц. рюа. +15лк. п-кэ цк.йюокх;1;476,47;629;0%;77%;A;0%;67%;A;6;0%;96%;C;AAC;245%;Z;AACZ
йнлахкхоем рюая ╧60 рюа. о/о/н;1;469,87;621;0%;78%;A;0%;68%;A;6;0%;96%;C;AAC;245%;Z;AACZ
яюреккхр яемянпш окчя ойцщ-02.4 ╧50 реяр онкняйх;1;467,69;585;0%;91%;B;0%;70%;A;6;0%;96%;C;BAC;245%;Z;BACZ
мюрюкэяхд 250лц. ╧10 ясоо. пейр. /мхфтюпл/;1;428,4;566;0%;84%;B;0%;70%;A;6;0%;96%;C;BAC;245%;Z;BACZ
дчтюкюй 667лц/лк. 500лк. яхпно тк. +лепм.ярюйюм /щаанрр/янкбеи/;1;455,9;553;0%;75%;A;0%;70%;A;6;0%;96%;C;AAC;245%;Z;AACZ
йюкэжхи д3 мхйнлед 500лц.+200ле ╧60 йксамхйю+юпасг рюа.феб.;1;403,68;533;0%;76%;A;0%;71%;A;6;0%;96%;C;AAC;245%;Z;AACZ
юмюсперре яопеи д/нвхы. сьмни онкнярх 15лк.;1;352,39;519;0%;66%;A;0%;72%;A;6;0%;96%;C;AAC;245%;Z;AACZ
рекгюо 40лц. ╧30 рюа.;1;388,85;514;0%;94%;B;0%;72%;A;6;0%;96%;C;BAC;245%;Z;BACZ
щмрепнтспхк 200лц. ╧16 йюоя.;1;385,06;509;0%;100%;C;0%;72%;A;6;0%;96%;C;CAC;245%;Z;CACZ
цсррюяхк 7,5лц/лк. 30лк. йюокх д/опхелю бмсрпэ тк.;1;350,47;463;0%;72%;A;0%;76%;A;6;0%;96%;C;AAC;245%;Z;AACZ
рюмрсл бепде 0,255лйц/днгю 30лк. 176днг яопеи д/леяр.опхл. днгхп. тк.;1;346,83;458;0%;94%;B;0%;76%;A;6;0%;96%;C;BAC;245%;Z;BACZ
яхкдемютхк-яг 100лц. ╧10 рюа. о/о/н /яебепмюъ гбегдю/;1;340,5;450;0%;91%;B;0%;76%;A;6;0%;96%;C;BAC;245%;Z;BACZ
теярюк ╧40 дпюфе;1;333,74;441;0%;96%;C;0%;77%;A;6;0%;96%;C;CAC;245%;Z;CACZ
мюиг юйрхбцекэ 1% 50ц. ╧1 цекэ д/мюпсф.опхл. рсаю;1;320,39;423;0%;84%;B;0%;79%;A;6;0%;96%;C;BAC;245%;Z;BACZ
опецхмнп 550лц. ╧10 йюоя.;1;275,52;419;0%;88%;B;0%;79%;A;6;0%;96%;C;BAC;245%;Z;BACZ
деяхрхм 57ц./50лк. йпел рсаю;1;265,96;418;0%;73%;A;0%;79%;A;6;0%;96%;C;AAC;245%;Z;AACZ
ояхкн-аюкэгюл 20ц. цекэ д/мюпсф.опхл.;1;316,14;418;0%;89%;B;0%;79%;A;6;0%;96%;C;BAC;245%;Z;BACZ
ахйяхрнп 90лц. ╧10 рюа. о/о/н;1;313,2;414;0%;68%;A;0%;79%;A;6;0%;97%;C;AAC;245%;Z;AACZ
пхмнтксхлсжхк 10лк. яопеи мюгюк. тк. /гюланм/;1;299,66;405;0%;90%;B;0%;80%;A;6;0%;97%;C;BAC;245%;Z;BACZ
юлхмрюйя 35000ле+10000ле+35000ле ╧10 ясоо. бюц.;1;305;403;0%;65%;A;0%;80,07%;B;6;0%;97%;C;ABC;245%;Z;ABCZ
дхлейяхд 99% 100лк. йнмж. д/п-пю д/мюпсф.опхл. тк. /индмше реумнкнцхх х люпйерхмц/;1;297,98;403;0%;74%;A;0%;80%;B;6;0%;97%;C;ABC;245%;Z;ABCZ
оемрюкцхм щйярпю-цекэ 5% 50ц. цекэ д/мюпсф.опхл. рсаю;1;304,06;402;0%;87%;B;0%;80%;B;6;0%;97%;C;BBC;245%;Z;BBCZ
нпбхпел 2лц/лк. 100лк. яхпно д/дереи;1;290,54;393;0%;87%;B;0%;81%;B;6;0%;97%;C;BBC;245%;Z;BBCZ
чмхднйя янкчрюа 100лц. ╧10 рюа.дхяоепц. /юяреккюя/;1;311,78;370;0%;100%;C;0%;82%;B;6;0%;97%;C;CBC;245%;Z;CBCZ
люяйю лед. кюрхн деряйюъ рпеуякнимюъ (3-у) пхясмнй ╧50 х/с [LATIO];1;234,8;364;0%;81%;B;0%;83%;B;6;0%;97%;C;BBC;245%;Z;BBCZ
юрнпбюярюрхм-яг 40лц. ╧30 рюа. о/о/н /яебепмюъ гбегдю/;1;282,52;340;0%;67%;A;0%;84%;B;6;0%;97%;C;ABC;245%;Z;ABCZ
щбйюкхор л ╧24 оюярхкйх;1;248,26;336;0%;99%;C;0%;85%;B;6;0%;97%;C;CBC;245%;Z;CBCZ
ремнпхй 100лц.+25лц. ╧28 рюа. о/о/н;1;234,28;317;0%;94%;B;0%;85%;B;6;0%;97%;C;BBC;245%;Z;BBCZ
юяеорю оюпнднмрюк гса.оюярю юйрхб опнтхк. 75лк.;1;196,8;306;0%;66%;A;0%;86%;B;6;0%;97%;C;ABC;245%;Z;ABCZ
пецежхм 15ц. цекэ о/сцпебни яшох;1;190;295;0%;89%;B;0%;87%;B;6;0%;97%;C;BBC;245%;Z;BBCZ
псрюжхд 500лц. ╧20 рюа.феб. /KRKA/;1;211,21;286;0%;90%;B;0%;87%;B;6;0%;97%;C;BBC;245%;Z;BBCZ
йяхлекхм щйярпю 84лйц/днгю+70лйц/днгю 10лк. ╧1 мюгюк.яопеи днгхп. тк.;1;210,25;284;0%;79%;A;0%;88%;B;6;0%;97%;C;ABC;245%;Z;ABCZ
аерюкнй гнй 50лц. ╧30 рюа.опнкнмц. о/н /юярпю гемейю/;1;244,77;282;0%;68%;A;0%;88%;B;6;0%;97%;C;ABC;245%;Z;ABCZ
охмнянк 10лк. мюгюк.йюокх тк./йюо.;1;206,7;280;0%;88%;B;0%;88%;B;6;0%;97%;C;BBC;245%;Z;BBCZ
йернопнтем-юйня 5% 50ц. цекэ д/мюпсф.опхл. рсаю /яхмрег/;1;198,23;272;0%;77%;A;0%;89%;B;6;0%;97%;C;ABC;245%;Z;ABCZ
бхрюлхм д3 ункейюкэжхтепнк 2000ле 570лц. ╧30 йюоя. /пеюкйюоя/;1;174,18;270;0%;71%;A;0%;89%;B;6;0%;97%;C;ABC;245%;Z;ABCZ
цюярюк ╧12 рюа. д/пюяя.;1;196,71;270;0%;71%;A;0%;89%;B;6;0%;97%;C;ABC;245%;Z;ABCZ
мелнгнк 400лц. ╧1 рюа. о/о/н;1;196,48;270;0%;85%;B;0%;89%;B;6;0%;97%;C;BBC;245%;Z;BBCZ
мн-ьою 40лц. ╧64 рюа. тк. днгюрнп /ухмнхм/;1;211,4;252;0%;86%;B;0%;90%;B;6;0%;97%;C;BBC;245%;Z;BBCZ
цейянпюк рюая ╧20 рюа. д/пюяя.;1;198,75;249;0%;71%;A;0%;90%;B;6;0%;97%;C;ABC;245%;Z;ABCZ
йернмюк 50лц/лк. 2лк. ╧10 п-п д/б/б,б/л юло. /кей/;1;205,78;247;0%;77%;A;0%;90%;B;6;0%;97%;C;ABC;245%;Z;ABCZ
ремнпхй 50лц.+12,5лц. ╧28 рюа. о/о/н;1;178,55;245;0%;94%;B;0%;90%;B;6;0%;97%;C;BBC;245%;Z;BBCZ
мюиг 100лц. ╧20 рюа.;1;208,26;240;0%;84%;B;0%;90%;B;6;0%;97%;C;BBC;245%;Z;BBCZ
лне янкмшьйн яюктерйх бкюфм. оюмремнк ╧70;1;154,13;239;0%;83%;B;0%;91%;B;6;0%;97%;C;BBC;245%;Z;BBCZ
д.рюияя юмцх яеор кхлнм ╧24 рюа. д/пюяя.;1;169,99;233;0%;72%;A;0%;91%;B;6;0%;98%;C;ABC;245%;Z;ABCZ
нкбщиг опнйкюдйх скэрпю мнплюк ╧10 [ALWAYS];1;146,45;227;0%;86%;B;0%;91%;B;6;0%;98%;C;BBC;245%;Z;BBCZ
тсмдхгнк йпел д/мнцреи х йнфх 30лк.;1;139,21;216;0%;97%;C;0%;92%;B;6;0%;98%;C;CBC;245%;Z;CBCZ
пюярнпноью ╧100 рюа.;1;135,54;211;0%;89%;B;0%;92%;B;6;0%;98%;C;BBC;245%;Z;BBCZ
йнмйнп 5лц. ╧30 рюа. о/о/н /лепй/;1;170,37;207;0%;78%;A;0%;92%;B;6;0%;98%;C;ABC;245%;Z;ABCZ
дейяюлерюгнм-тепеим 4лц/лк. 1лк. ╧25 п-п д/б/б,б/л юло. /тепеим/;1;169,54;204,36;0%;73%;A;0%;92%;B;6;0%;98%;C;ABC;245%;Z;ABCZ
яхкдемютхк-яг 50лц. ╧4 рюа. о/о/н /яебепмюъ гбегдю/;1;144,95;199;0%;92%;B;0%;93%;B;6;0%;98%;C;BBC;245%;Z;BBCZ
лне янкмшьйн цекэ д/ондлшб. лкюдемжеб цхонюккепц. 400лк.;1;125,44;195;0%;83%;B;0%;93%;B;6;0%;98%;C;BBC;245%;Z;BBCZ
асрюдхнм 5% 20ц. люгэ д/мюпсф.опхл. рсаю /нгнм/;1;127,27;185;0%;70%;A;0%;93%;B;6;0%;98%;C;ABC;245%;Z;ABCZ
гбегднвйю ткч кхлнм 15ц. ╧5 онп. д/п-пю д/опхелю бмсрпэ оюй.;1;127,93;176;0%;75%;A;0%;93%;B;6;0%;98%;C;ABC;245%;Z;ABCZ
йнкцеир гса.ыерйю люяяюфеп лъцйюъ [COLGATE];1;155,88;174;0%;78%;A;0%;94%;B;6;0%;98%;C;ABC;245%;Z;ABCZ
яхкхлюп 100лц. ╧30 рюа.;1;124,84;172;0%;92%;B;0%;94%;B;6;0%;98%;C;BBC;245%;Z;BBCZ
юлкндхохм 10лц. ╧60 рюа. /бепрейя/;1;141,9;169;0%;65%;A;0%;94%;B;6;0%;98%;C;ABC;245%;Z;ABCZ
лхппнккю ьюлосмэ ксйнбши + йпюямши оепеж 150лк. [MIRROLLA];1;94,92;164;0%;83%;B;0%;94%;B;6;0%;98%;C;BBC;245%;Z;BBCZ
юсцлемрхм 200лц.+28,5лц/5лк. 7,7ц. 70лк. онп. д/ясяо. д/опхелю бмсрпэ тк. /цкюйян/;1;134,66;160;0%;67%;A;0%;94%;B;6;0%;98%;C;ABC;245%;Z;ABCZ
рхгюксд 2лц. ╧30 рюа. /бепнтюпл/;1;131,22;159;0%;94%;B;0%;94%;B;6;0%;98%;C;BBC;245%;Z;BBCZ
тспюгнкхднм пемебюк 50лц. ╧20 рюа. х/с /намнбкемхе/;1;114,58;157;0%;97%;C;0%;94%;B;6;0%;98%;C;CBC;245%;Z;CBCZ
щбепя-кюит люпкъ 5л. ╧1 [EVERS LIFE];1;100,59;156;0%;99%;C;0%;94%;B;6;0%;98%;C;CBC;245%;Z;CBCZ
янрюцейяюк 160лц. ╧20 рюа. /цейяюк юц/;1;130,96;155;0%;92%;B;0%;94%;B;6;0%;98%;C;BBC;245%;Z;BBCZ
кюовюрйю йнпмебхыю 2,5ц. ╧20 оюй. /йпюямнцнпяй/;1;105,58;154;0%;79%;A;0%;95%;B;6;0%;98%;C;ABC;245%;Z;ABCZ
яюмнпхм 0,1% 10лк. ╧1 я люякнл щбйюкхорю мюгюк.йюокх тк.;1;108,46;149;0%;91%;B;0%;95%;B;6;0%;98%;C;BBC;245%;Z;BBCZ
йернпнк 30лц/лк. 1лк. ╧10 п-п д/хм. юло. /д-п педдхя/;1;113,8;137;0%;77%;A;0%;96%;C;6;0%;98%;C;ACC;245%;Z;ACCZ
юспю бюрмше дхяйх ╧120 [AURA];1;85,88;135;0%;67%;A;0%;96%;C;6;0%;98%;C;ACC;245%;Z;ACCZ
хасйкхм 100лц.+125лц. ╧20 рюа. д/дереи (чмхнп);1;93,28;133;0%;75%;A;0%;96%;C;6;0%;98%;C;ACC;245%;Z;ACCZ
опнонянк 25ц. яопеи д/леяр.опхл. аюккнм /юкрюибхрюлхмш/;1;93,55;133;0%;89%;B;0%;96%;C;6;0%;98%;C;BCC;245%;Z;BCCZ
рнапнор 0,3% 5лк. ╧1 цк.йюокх тк./йюо. /пнлтюпл/;1;106,21;127;0%;95%;B;0%;96%;C;6;0%;98%;C;BCC;245%;Z;BCCZ
ьхонбмхйю окндш 2ц. ╧20 оюй. /йпюямнцнпяй/;1;88,91;127;0%;99%;C;0%;96%;C;6;0%;98%;C;CCC;245%;Z;CCCZ
йкнрпхлюгнк 1% 20ц. йпел д/мюпсф.опхл. рсаю /ухоепхнм/пслшмхъ/;1;86,28;123;0%;77%;A;0%;96%;C;6;0%;99%;C;ACC;245%;Z;ACCZ
ярюрхм 1ц. ╧5 онп. оюй. (д/нярюмнбйх йпнбнревемхи);1;73,77;122;0%;93%;B;0%;96%;C;6;0%;99%;C;BCC;245%;Z;BCCZ
тспюцхм 50лц. ╧30 рюа. /яебепмюъ гбегдю/;1;88,21;121;0%;97%;C;0%;96%;C;6;0%;99%;C;CCC;245%;Z;CCCZ
дпюфе бевепмее ╧100 бюкепхюмю+улекэ+лърю /оюпютюпл/;1;72,66;115;0%;75%;A;0%;97%;C;6;0%;99%;C;ACC;245%;Z;ACCZ
йкхпбхм йпел (оърмю,ьпюлш) 25ц.;1;73,07;115;0%;77%;A;0%;97%;C;6;0%;99%;C;ACC;245%;Z;ACCZ
мспнтем тнпре 400лц. ╧12 рюа. о/н /пейхрр аемйхгеп/;1;91,25;111;0%;86%;B;0%;97%;C;6;0%;99%;C;BCC;245%;Z;BCCZ
юмюкэцхм 500лц/лк. 2лк. ╧10 п-п д/б/б,б/л юло. /мнбняхаухлтюпл/;1;76,18;109;0%;66%;A;0%;97%;C;6;0%;99%;C;ACC;245%;Z;ACCZ
ахнкхр аюдъцю тнпре цекэ 75лк.;1;68,72;108;0%;69%;A;0%;97%;C;6;0%;99%;C;ACC;245%;Z;ACCZ
тксйнмюгнк 150лц. ╧4 йюоя. /бепрейя/;1;86,9;107;0%;96%;C;0%;97%;C;6;0%;99%;C;CCC;245%;Z;CCCZ
цсайю целнярюр. йнккюцем. я яепеапнл 50у50у7лл ╧10 /гекемюъ дсапюбю/;1;64,71;102;0%;72%;A;0%;97%;C;6;0%;99%;C;ACC;245%;Z;ACCZ
рхгхм йкюяяхй 0,1% 10лк. мюгюк.яопеи тк. /дфнмянм/;1;84,17;100;0%;94%;B;0%;98%;C;6;0%;99%;C;BCC;245%;Z;BCCZ
хасопнтем-бепре 5% 50ц. цекэ д/мюпсф.опхл. рсаю /бепрейя/;1;79,2;97;0%;75%;A;0%;98%;C;6;0%;99%;C;ACC;245%;Z;ACCZ
кнпюрюдхм 10лц. ╧30 рюа. /бепрейя/;1;74,8;92;0%;81%;B;0%;98%;C;6;0%;99%;C;BCC;245%;Z;BCCZ
щпхмхр 10лц. ╧50 рюа. /тюплюонк-бнкцю/;1;61,96;88;0%;100%;C;0%;98%;C;6;0%;99%;C;CCC;245%;Z;CCCZ
ясярюлед фюахи йюлемэ ахн-аюкэгюл юйрхбхп. д/рекю люякн пшфхйю 50лк. рсаю;1;54,82;87;0%;93%;B;0%;98%;C;6;0%;99%;C;BCC;245%;Z;BCCZ
нлеопюгнк-ребю 10лц. ╧28 йюоя. йь/пюярб. /ребю/;1;65,96;81;0%;86%;B;0%;99%;C;6;0%;99%;C;BCC;245%;Z;BCCZ
цхнйяхгнм 10ц. 10лц.+30лц/ц. люгэ д/леяр. х мюпсф.опхл. рсаю /лспнляйхи/;1;56,21;80;0%;72%;A;0%;99%;C;6;0%;99%;C;ACC;245%;Z;ACCZ
мюрспхмн кедемжш йксамхйю+бхрюлхмш 33,5ц./36,4ц. ╧8;1;50,31;79;0%;84%;B;0%;99%;C;6;0%;99%;C;BCC;245%;Z;BCCZ
гбегднвйю мнг 0,1% 15лк. мюгюк.яопеи тк. +пюяо.;1;62,48;78;0%;75%;A;0%;99%;C;6;0%;99%;C;ACC;245%;Z;ACCZ
яюктерйх 8-х якнимюъ яреп. 10ялу10ял ╧10;1;47,58;78;0%;91%;B;0%;99%;C;6;0%;99%;C;BCC;245%;Z;BCCZ
тспюжхкхм 20лц. ╧20 рюа. д/п-пю д/леяр. х мюпсф.опхл. /юбейяхлю/;1;52,17;75;0%;97%;C;0%;99%;C;6;0%;99%;C;CCC;245%;Z;CCCZ
ахмр яреп. 10лу16ял х/с;1;45,13;74;0%;68%;A;0%;99%;C;6;0%;99%;C;ACC;245%;Z;ACCZ
охпюжерюл 200лц. ╧60 рюа. о/о/н /намнбкемхе/;1;60,22;73;0%;88%;B;0%;99%;C;6;0%;99%;C;BCC;245%;Z;BCCZ
тспюднмхм 50лц. ╧20 рюа. х/с /анпхянбяйхи/;1;50,31;72;0%;97%;C;0%;99%;C;6;0%;99%;C;CCC;245%;Z;CCCZ
щмюкюопхк 10лц. ╧20 рюа. /уелнтюпл/;1;56,34;70;0%;99%;C;0%;99%;C;6;0%;99%;C;CCC;245%;Z;CCCZ
яюктерйх яреп. 10X10ял ╧10;1;41,58;68;0%;91%;B;0%;99%;C;6;0%;99%;C;BCC;245%;Z;BCCZ
йяхкем 0,1% 20лк. ╧1 мюгюк.йюокх тк./йюо. /бепнтюпл/;1;46,56;59;0%;79%;A;0%;99%;C;6;0%;100%;C;ACC;245%;Z;ACCZ
кноедхсл 2лц. ╧10 рюа. /яюкчрюя/;1;44,03;56,1;0%;81%;B;0%;99%;C;6;0%;100%;C;BCC;245%;Z;BCCZ
дхйкнтемюй 100лц. ╧10 ясоо. пейр. /дюкэухлтюпл/;1;36,07;55;0%;74%;A;0%;99%;C;6;0%;100%;C;ACC;245%;Z;ACCZ
юмдхоюк ╧20 рюа. /тюплярюмдюпр-кейяпедярбю/;1;39,26;46;0%;66%;A;0%;100%;C;6;0%;100%;C;ACC;245%;Z;ACCZ
кнпюцейяюк 10лц. ╧10 рюа. /цейяюк юц/;1;37,59;46;0%;81%;B;0%;100%;C;6;0%;100%;C;BCC;245%;Z;BCCZ
яхкэбеп йюохрюм аюрнмвхй рпчтекэ+нпеу ьнй.цкюг. 50ц.;1;24,84;41;0%;92%;B;0%;100%;C;6;0%;100%;C;BCC;245%;Z;BCCZ
яхкэбеп йюохрюм аюрнмвхй йнйня йюйюн аек.цкюг. 50ц.;1;24,12;40;0%;92%;B;0%;100%;C;6;0%;100%;C;BCC;245%;Z;BCCZ
аная кедемжш д/цнпкю 35ц. щйярпю лемрнк ╧10;1;23,98;39;0%;69%;A;0%;100%;C;6;0%;100%;C;ACC;245%;Z;ACCZ
щмюл 5лц. ╧20 рюа. /д-п педдх/;1;29,96;37;0%;99%;C;0%;100%;C;6;0%;100%;C;CCC;245%;Z;CCCZ
тспняелхд 40лц. ╧50 рюа. /нгнм ннн/;1;26,18;32;0%;97%;C;0%;100%;C;6;0%;100%;C;CCC;245%;Z;CCCZ
уеко ахмр яреп. 5лу10ял х/с [HELP];1;17,7;29;0%;98%;C;0%;100%;C;6;0%;100%;C;CCC;245%;Z;CCCZ
яюктерйх дбсуяк. яреп. 16у14ял ╧10 х/с;1;9,83;17;0%;91%;B;0%;100%;C;6;0%;100%;C;BCC;245%;Z;BCCZ
апхккхюмрнбши гекем 1% 10лк. ╧1 яохпр. п-п д/мюпсф.опхл. тк. /яюлюпюледопнл/;1;10,46;16;0%;69%;A;0%;100%;C;6;0%;100%;C;ACC;245%;Z;ACCZ
оепейхяэ бнднпндю 3% 100лк. ╧1 п-п дег.яп-бн тк. окюяр. /яюлюпюледопнл/;1;9,79;16;0%;87%;B;0%;100%;C;6;0%;100%;C;BCC;245%;Z;BCCZ
